,y_pred,y_true
0,[0.26377413],0.29819566
1,[0.28454843],0.4248065
2,[0.3362034],0.31516743
3,[0.34249663],0.3738303
4,[0.34393513],0.35699376
5,[0.3674296],0.37558404
6,[0.35109034],0.4315568
7,[0.3960038],0.39683893
8,[0.39640647],0.37357935
9,[0.38511404],0.34179315
10,[0.3959781],0.29903647
11,[0.33104083],0.32074556
12,[0.3354727],0.40270594
13,[0.3590011],0.31186184
14,[0.32807872],0.34754044
15,[0.33239532],0.361675
16,[0.3506507],0.3554884
17,[0.35542983],0.4386736
18,[0.3726278],0.4151835
19,[0.4069322],0.37585995
20,[0.4215662],0.4441931
21,[0.4006984],0.35188076
22,[0.4031487],0.4289113
23,[0.39829242],0.39187744
24,[0.39798006],0.401598
25,[0.38803753],0.4566721
26,[0.41885248],0.49521002
27,[0.40128428],0.37605014
28,[0.39967838],0.44782957
29,[0.40979832],0.45654473
30,[0.4161835],0.37632123
31,[0.39385495],0.43043348
32,[0.4112578],0.48285392
33,[0.43766108],0.43935075
34,[0.4076697],0.45827553
35,[0.4330274],0.46139792
36,[0.4052498],0.42676893
37,[0.42095682],0.40420994
38,[0.38591895],0.4336175
39,[0.41347829],0.4100167
40,[0.39256218],0.41548404
41,[0.39247814],0.4341317
42,[0.39901352],0.4885716
43,[0.4101042],0.47587618
44,[0.42949072],0.5208118
45,[0.43369588],0.41853198
46,[0.42893106],0.3677056
47,[0.39391163],0.35324237
48,[0.36149973],0.34285322
49,[0.3735641],0.35519344
50,[0.33648536],0.2956419
51,[0.3291208],0.37886766
52,[0.35691142],0.42078462
53,[0.37551263],0.4299104
54,[0.39148524],0.3589538
55,[0.38318458],0.40728423
56,[0.39744094],0.4255146
57,[0.39285272],0.3182222
58,[0.35849568],0.37990376
59,[0.37583476],0.36396047
60,[0.36215276],0.3554484
61,[0.35680518],0.2918886
62,[0.31295258],0.4451786
63,[0.38601556],0.4137512
64,[0.38068172],0.38804945
65,[0.35844603],0.46060678
66,[0.38763005],0.44578055
67,[0.41570577],0.41412625
68,[0.41400287],0.44620857
69,[0.4096983],0.42159435
70,[0.4073997],0.45084426
71,[0.4056054],0.400256
72,[0.42042086],0.3305141
73,[0.3700294],0.32132968
74,[0.34258083],0.4333566
75,[0.3701993],0.40049037
76,[0.3939363],0.30937588
77,[0.34186125],0.3053811
78,[0.3087171],0.31318784
79,[0.31925792],0.29161862
80,[0.30625787],0.40170792
81,[0.3396223],0.39820173
82,[0.37927952],0.41928902
83,[0.40538558],0.4059439
84,[0.37341872],0.3648397
85,[0.3719692],0.351502
86,[0.3617615],0.41287306
87,[0.38554692],0.33166057
88,[0.36704937],0.3399505
89,[0.338027],0.41704985
90,[0.37500715],0.3502584
91,[0.35899988],0.34481126
92,[0.3638774],0.3428972
93,[0.36150512],0.33416027
94,[0.36387625],0.31121263
95,[0.33871037],0.2831695
96,[0.29192156],0.25541326
97,[0.28581363],0.28864548
98,[0.28649023],0.20357439
99,[0.24030417],0.1938363
100,[0.19389272],0.18817267
101,[0.19478174],0.11537194
102,[0.1651011],0.112867355
103,[0.16085145],0.08614372
104,[0.13840304],0.1110571
105,[0.12097982],0.10474615
106,[0.15099017],0.08855629
107,[0.13464327],0.0972669
108,[0.13561155],0.07602243
109,[0.12464588],0.083825216
110,[0.1044362],0.07411644
111,[0.10134631],0.087887496
112,[0.13071175],0.07206231
113,[0.1032946],0.0675977
114,[0.09574968],0.07297014
115,[0.08583774],0.042343408
116,[0.0779212],0.061884597
117,[0.10534441],0.062675714
118,[0.07136301],0.06762703
119,[0.09724203],0.031437233
120,[0.06068224],0.056089714
121,[0.08571152],0.086216554
122,[0.08603633],0.08211474
123,[0.09608904],0.10447833
124,[0.1018801],0.11704686
125,[0.12602724],0.14636967
126,[0.14502312],0.083024174
127,[0.15617757],0.13538045
128,[0.15012933],0.13954443
129,[0.16460654],0.12929645
130,[0.15723763],0.378207
131,[0.24393961],0.12686673
132,[0.21060602],0.115890354
133,[0.17758599],0.12435135
134,[0.18555044],0.16448277
135,[0.16581929],0.18562633
136,[0.18097706],0.21619874
137,[0.21251553],0.21116027
138,[0.20743507],0.1553435
139,[0.20373484],0.1987544
140,[0.21534543],0.2257356
141,[0.19543453],0.22514373
142,[0.21642779],0.23926604
143,[0.21947761],0.22945696
144,[0.22264847],0.24251014
145,[0.24666962],0.2512973
146,[0.22661257],0.29738218
147,[0.25562668],0.30301338
148,[0.26726285],0.34727108
149,[0.30886003],0.35526228
150,[0.3303523],0.3886154
151,[0.35665473],0.32422626
152,[0.3648846],0.3612204
153,[0.37464717],0.35378945
154,[0.3528044],0.3232281
155,[0.3516477],0.47052374
156,[0.3938301],0.30665046
157,[0.3545372],0.33164677
158,[0.35100842],0.29509002
159,[0.3334761],0.36005488
160,[0.35160816],0.35655448
161,[0.3451876],0.3376181
162,[0.36748254],0.40507337
163,[0.37049165],0.334359
164,[0.37107328],0.34806392
165,[0.33950925],0.45192125
166,[0.38421845],0.3990948
167,[0.40537828],0.5467731
168,[0.4262381],0.38821474
169,[0.39986363],0.37596974
170,[0.39814848],0.42153993
171,[0.39462173],0.43398204
172,[0.39165044],0.488524
173,[0.40441328],0.4329522
174,[0.39040256],0.38939962
175,[0.40073153],0.41658452
176,[0.42500234],0.34799194
177,[0.38385308],0.35204515
178,[0.3526989],0.34198204
179,[0.3316143],0.2979144
180,[0.32097632],0.35046408
181,[0.33564368],0.3661624
182,[0.3649012],0.30808488
183,[0.33999065],0.3472702
184,[0.34092644],0.31182963
185,[0.3395064],0.2865605
186,[0.31297138],0.36609396
187,[0.33035007],0.35360426
188,[0.35147798],0.31358197
189,[0.3449838],0.31095052
190,[0.32434756],0.34778464
191,[0.33032855],0.33610612
192,[0.34453064],0.29567143
193,[0.3277614],0.40057734
194,[0.36834934],0.3561824
195,[0.35930246],0.4550226
196,[0.38806167],0.5389888
197,[0.39193726],0.30235103
198,[0.39676753],0.30438602
199,[0.36142907],0.32462958
200,[0.3564068],0.31749722
201,[0.33181578],0.36552367
202,[0.3610284],0.45391396
203,[0.37670383],0.3412194
204,[0.39150298],0.27812657
205,[0.31166553],0.38622835
206,[0.3522535],0.5014858
207,[0.42519778],0.4379433
208,[0.393837],0.31955087
209,[0.38297814],0.32153007
210,[0.35478297],0.342211
211,[0.3545222],0.4070739
212,[0.35141754],0.38688228
213,[0.37451857],0.52537596
214,[0.4285231],0.37918797
215,[0.41402695],0.45970187
216,[0.39490187],0.38588265
217,[0.3854016],0.37921527
218,[0.36609498],0.3348079
219,[0.34566718],0.3064625
220,[0.33400816],0.34175768
221,[0.3570923],0.24951795
222,[0.3012861],0.2573501
223,[0.27489534],0.26778433
224,[0.27675593],0.26375398
225,[0.26454696],0.27983472
226,[0.26806882],0.28332126
227,[0.2598639],0.25580114
228,[0.2631803],0.31145516
229,[0.2839659],0.20747659
230,[0.24734871],0.2005308
231,[0.22482985],0.18704695
232,[0.20215563],0.18519828
233,[0.18250947],0.17095232
234,[0.16886288],0.14520505
235,[0.1729153],0.1573151
236,[0.15867886],0.14890355
237,[0.15756181],0.13010374
238,[0.15169953],0.11335322
239,[0.14472035],0.39697197
240,[0.24578106],0.06947896
241,[0.19244789],0.17352834
242,[0.17015141],0.09506102
243,[0.14917333],0.08888431
244,[0.13625988],0.1404019
245,[0.13671531],0.15659711
246,[0.1373674],0.1078313
247,[0.145872],0.160514
248,[0.15148465],0.11946455
249,[0.15905724],0.08735941
250,[0.15393981],0.13638124
251,[0.14315632],0.15931034
252,[0.14199977],0.092514575
253,[0.13263564],0.10380556
254,[0.13506609],0.10771322
255,[0.11171974],0.075332135
256,[0.09800658],0.10308243
257,[0.09826649],0.14453813
258,[0.13008346],0.10651097
259,[0.16155836],0.12240797
260,[0.13413021],0.12212077
261,[0.15077086],0.090901405
262,[0.12210535],0.13455734
263,[0.12970178],0.21896112
264,[0.16303296],0.1220544
265,[0.15894274],0.14318913
266,[0.16775821],0.11773494
267,[0.12502494],0.113288105
268,[0.16798237],0.20485446
269,[0.14894833],0.26451653
270,[0.18246716],0.17499548
271,[0.20544752],0.25907287
272,[0.22492899],0.26132253
273,[0.25180602],0.20167264
274,[0.22517669],0.21990207
275,[0.23475793],0.22883826
276,[0.24011731],0.27163607
277,[0.23085155],0.25801077
278,[0.24397892],0.27098617
279,[0.235683],0.15418565
280,[0.2182613],0.18994838
281,[0.20346768],0.19305798
282,[0.22174402],0.120319664
283,[0.17431857],0.18153682
284,[0.17334372],0.18566477
285,[0.18414652],0.14510366
286,[0.16096358],0.15466315
287,[0.17830126],0.16757053
288,[0.1812838],0.15099287
289,[0.19260988],0.17642495
290,[0.18664533],0.22198284
291,[0.19118574],0.18002126
292,[0.18629529],0.22310764
293,[0.19886169],0.21204227
294,[0.22525646],0.13545892
295,[0.19172363],0.16513667
296,[0.17367567],0.20607957
297,[0.20097058],0.17293671
298,[0.17615348],0.16479164
299,[0.20311624],0.19832751
300,[0.19768764],0.14974117
301,[0.17834778],0.17112568
302,[0.1877001],0.14627472
303,[0.18156189],0.18502018
304,[0.18696141],0.18455818
305,[0.1986616],0.16252324
306,[0.1918214],0.17672697
307,[0.18582268],0.19760403
308,[0.19131167],0.22054902
309,[0.20312533],0.2769952
310,[0.24402957],0.20797995
311,[0.20854172],0.30001715
312,[0.25097826],0.2742939
313,[0.27828315],0.24487612
314,[0.28318852],0.24560457
315,[0.23613861],0.20592657
316,[0.23481649],0.24310002
317,[0.219516],0.19363347
318,[0.2145662],0.20760372
319,[0.21735047],0.22160497
320,[0.21036945],0.26003587
321,[0.23320648],0.25259018
322,[0.23418613],0.2159048
323,[0.2307003],0.20708531
324,[0.2392083],0.28882015
325,[0.24376999],0.2779935
326,[0.2627771],0.24248567
327,[0.2669593],0.30057085
328,[0.29183602],0.3222318
329,[0.2940321],0.38189313
330,[0.36000097],0.26666623
331,[0.31467262],0.27139246
332,[0.29734114],0.28966603
333,[0.29655108],0.28501475
334,[0.27390975],0.30405715
335,[0.30150646],0.26516816
336,[0.28228658],0.2913208
337,[0.2550914],0.26854262
338,[0.2928373],0.29836285
339,[0.26993912],0.32091606
340,[0.3163311],0.30456862
341,[0.31556258],0.3571408
342,[0.3351954],0.32364485
343,[0.34976533],0.41439298
344,[0.35489163],0.3900914
345,[0.3645177],0.36028966
346,[0.3771034],0.5230683
347,[0.37896183],0.40811178
348,[0.40344223],0.417779
349,[0.39577335],0.4432052
350,[0.40075406],0.43211028
351,[0.39083007],0.5978898
352,[0.43298617],0.54616094
353,[0.43382263],0.38283667
354,[0.40233707],0.38450828
355,[0.38870093],0.3749347
356,[0.38924915],0.3870249
357,[0.37528634],0.32993403
358,[0.37173924],0.38223162
359,[0.36023813],0.31263947
360,[0.35107955],0.31713876
361,[0.3433314],0.5057732
362,[0.3697281],0.3435206
363,[0.36326745],0.44702706
364,[0.40257862],0.26811504
365,[0.34680316],0.31018898
366,[0.34844914],0.27194878
367,[0.29517338],0.2622538
368,[0.28083363],0.30064243
369,[0.27480313],0.26385677
370,[0.27162918],0.28265283
371,[0.2722008],0.20732978
372,[0.2261109],0.20987251
373,[0.23284572],0.19024417
374,[0.18706962],0.19812119
375,[0.20907897],0.15883929
376,[0.17267393],0.18549833
377,[0.1724866],0.14617851
378,[0.16266458],0.13882911
379,[0.15255925],0.1622186
380,[0.1675555],0.15186849
381,[0.16870709],0.14200139
382,[0.15308775],0.15223712
383,[0.14534593],0.16690394
384,[0.14494109],0.16730812
385,[0.18570691],0.14262494
386,[0.15522026],0.10693714
387,[0.15427688],0.11891356
388,[0.14454038],0.07749875
389,[0.14526846],0.13582566
390,[0.149649],0.37900963
391,[0.21988423],0.40297154
392,[0.30701417],0.34154513
393,[0.31078568],0.16538379
394,[0.24333361],0.10121462
395,[0.1780945],0.105641305
396,[0.14910407],0.12767416
397,[0.13353021],0.14084178
398,[0.17914505],0.10017717
399,[0.13193893],0.1287199
400,[0.15069091],0.115058005
401,[0.11836521],0.103821084
402,[0.11913952],0.08473492
403,[0.10421613],0.084702596
404,[0.10987522],0.10245453
405,[0.10110509],0.11134747
406,[0.12289237],0.12005347
407,[0.12401291],0.09691058
408,[0.1260718],0.10074405
409,[0.13815446],0.1648573
410,[0.12524444],0.14879435
411,[0.13186616],0.16332617
412,[0.14526087],0.16209754
413,[0.15496284],0.2003318
414,[0.16574459],0.21669057
415,[0.20150954],0.277887
416,[0.23256586],0.26590222
417,[0.25577694],0.25925955
418,[0.26350036],0.25709566
419,[0.2598215],0.21626973
420,[0.23821642],0.24062642
421,[0.24700803],0.2205039
422,[0.22327201],0.23514
423,[0.25193185],0.18300232
424,[0.20785968],0.1827985
425,[0.2017785],0.18133673
426,[0.19273324],0.1770195
427,[0.17846207],0.19567305
428,[0.20164229],0.25656182
429,[0.2270246],0.20447102
430,[0.21542987],0.20596585
431,[0.2170841],0.19972649
432,[0.19898304],0.46651617
433,[0.33862942],0.20134363
434,[0.2745712],0.17954582
435,[0.22263181],0.15972659
436,[0.2025968],0.1584095
437,[0.17497925],0.19279525
438,[0.19848976],0.14819229
439,[0.18286669],0.17440522
440,[0.18325095],0.17975104
441,[0.19613747],0.19773403
442,[0.18860887],0.13815275
443,[0.17984045],0.14806375
444,[0.1662953],0.16959831
445,[0.17219539],0.21788472
446,[0.18850324],0.23965669
447,[0.21311367],0.34761104
448,[0.2576648],0.30283764
449,[0.27897948],0.18728599
450,[0.25238913],0.2653301
451,[0.24967557],0.2582027
452,[0.2540276],0.36991498
453,[0.29889992],0.24375427
454,[0.26918212],0.31682897
455,[0.28247648],0.22019565
456,[0.25739214],0.21827278
457,[0.24416485],0.25783435
458,[0.24993302],0.21090236
459,[0.23368932],0.19832799
460,[0.21164812],0.25835705
461,[0.23626679],0.21120676
462,[0.22971839],0.20451489
463,[0.20615673],0.3010328
464,[0.23459047],0.24437758
465,[0.24611017],0.23406467
466,[0.24183491],0.23129037
467,[0.23104027],0.23080042
468,[0.23669422],0.21928546
469,[0.22979239],0.21509916
470,[0.21724014],0.2421487
471,[0.22690319],0.26861358
472,[0.23390432],0.31179333
473,[0.2590938],0.3253215
474,[0.30408594],0.28508633
475,[0.2996368],0.37936422
476,[0.34161127],0.3570405
477,[0.34824854],0.38523057
478,[0.36903012],0.33728093
479,[0.35135835],0.29789615
480,[0.33193743],0.2536174
481,[0.29311562],0.30494943
482,[0.30059284],0.33039466
483,[0.29830155],0.31198126
484,[0.30752343],0.3580726
485,[0.33639506],0.31918386
486,[0.33529776],0.36257723
487,[0.34535545],0.347157
488,[0.33370966],0.4206619
489,[0.35829595],0.33708876
490,[0.35507733],0.37287924
491,[0.37445384],0.36407962
492,[0.37229225],0.39239994
493,[0.3938462],0.37472257
494,[0.37784645],0.43605098
495,[0.38323522],0.39208052
496,[0.41054738],0.37842318
497,[0.37328586],0.42477754
498,[0.41038525],0.3964531
499,[0.3709608],0.35883787
500,[0.37399307],0.4706308
501,[0.38331982],0.3664715
502,[0.38766548],0.33087814
503,[0.3763011],0.29893702
504,[0.33757415],0.3742002
505,[0.35016304],0.27561805
506,[0.31757498],0.6606318
507,[0.4203576],0.49433443
508,[0.43829736],0.70383584
509,[0.42590773],0.43833742
510,[0.44718045],0.25127155
511,[0.38020843],0.29216474
512,[0.33624798],0.25824794
513,[0.3113766],0.2015712
514,[0.23778234],0.24076909
515,[0.24322459],0.18432215
516,[0.19714195],0.1619997
517,[0.1779077],0.18302256
518,[0.16803668],0.21029037
519,[0.18060873],0.18800125
520,[0.18069227],0.21958798
521,[0.1878609],0.16959408
522,[0.18849902],0.41251382
523,[0.27095735],0.19450957
524,[0.25577265],0.19186035
525,[0.22330168],0.16409153
526,[0.1795354],0.15364322
527,[0.17175879],0.17746139
528,[0.17127201],0.15250686
529,[0.14841783],0.1346296
530,[0.1598706],0.17395082
531,[0.1527508],0.14498669
532,[0.16063128],0.15465754
533,[0.14756283],0.15065655
534,[0.14978354],0.14412302
535,[0.16258581],0.110969365
536,[0.14616054],0.10593848
537,[0.13664253],0.09083255
538,[0.12790148],0.08615951
539,[0.11908986],0.08272998
540,[0.10494551],0.08697137
541,[0.10577384],0.074963495
542,[0.08991643],0.07238312
543,[0.09067345],0.08610608
544,[0.09955166],0.06764582
545,[0.10026709],0.07081708
546,[0.1027215],0.09455578
547,[0.10995635],0.0814677
548,[0.094829],0.08219081
549,[0.10348105],0.11286703
550,[0.10451543],0.083105594
551,[0.0945404],0.1127764
552,[0.11698632],0.15428483
553,[0.16477332],0.114192426
554,[0.12700452],0.14617142
555,[0.13767363],0.15838912
556,[0.15759897],0.14615801
557,[0.14976807],0.181528
558,[0.15250285],0.19419438
559,[0.15744352],0.22805735
560,[0.1840646],0.2351416
561,[0.2040772],0.26799625
562,[0.24565358],0.20171753
563,[0.22356513],0.20605224
564,[0.2212564],0.20692536
565,[0.21287754],0.17438272
566,[0.18882896],0.27057615
567,[0.22793691],0.21768576
568,[0.21736637],0.1840266
569,[0.19287959],0.20714772
570,[0.19912243],0.18434551
571,[0.20294401],0.17748845
572,[0.19072635],0.2366915
573,[0.20337783],0.20203209
574,[0.20498878],0.16906536
575,[0.18811218],0.13700593
576,[0.19261423],0.16126665
577,[0.18316746],0.11760777
578,[0.16773891],0.1921964
579,[0.16979101],0.17767939
580,[0.16630061],0.16492987
581,[0.1900571],0.17389241
582,[0.17326085],0.22252357
583,[0.18606281],0.26344174
584,[0.22590524],0.16022626
585,[0.2232919],0.13294649
586,[0.17165364],0.19672927
587,[0.18901455],0.12089378
588,[0.16846094],0.15849501
589,[0.15640137],0.17412418
590,[0.18877964],0.15578958
591,[0.16553357],0.1851702
592,[0.18309234],0.19225311
593,[0.18635996],0.19599918
594,[0.19310135],0.18424061
595,[0.1833658],0.20705599
596,[0.20539235],0.22175798
597,[0.19605969],0.30650082
598,[0.23312822],0.24212494
599,[0.24539177],0.2741051
600,[0.251818],0.26997444
601,[0.25085163],0.21946582
602,[0.23643751],0.18597743
603,[0.1947811],0.20519325
604,[0.20174849],0.2628141
605,[0.22626],0.20773736
606,[0.21777019],0.24020118
607,[0.22939369],0.24935922
608,[0.24042794],0.260665
609,[0.22264959],0.20644933
610,[0.2310782],0.21188602
611,[0.2453063],0.22848517
612,[0.2230923],0.27538264
613,[0.24512927],0.2928865
614,[0.25618595],0.25277594
615,[0.2607763],0.29898775
616,[0.26101878],0.2818175
617,[0.2821233],0.24132204
618,[0.26809147],0.2373049
619,[0.25891528],0.2881687
620,[0.24902813],0.2604082
621,[0.25786498],0.2934811
622,[0.27439034],0.2873004
623,[0.28584817],0.31620649
624,[0.25693145],0.36534372
625,[0.31518644],0.30201694
626,[0.30424038],0.42373946
627,[0.33595487],0.32947004
628,[0.36687678],0.30775478
629,[0.31798562],0.3819345
630,[0.35657513],0.3100964
631,[0.3143723],0.34073767
632,[0.33785978],0.44662306
633,[0.4059442],0.42374638
634,[0.3975511],0.3433823
635,[0.37856477],0.4014624
636,[0.3795362],0.40454593
637,[0.37916034],0.32948622
638,[0.36287478],0.37680247
639,[0.35075632],0.40597847
640,[0.3705327],0.32342756
641,[0.33288231],0.4464909
642,[0.38791668],0.39318386
643,[0.36862022],0.43631908
644,[0.40277508],0.4219508
645,[0.39826885],0.461553
646,[0.41019204],0.41383788
647,[0.40281323],0.46660998
648,[0.41384107],0.47995642
649,[0.39267376],0.3689991
650,[0.37947458],0.38438144
651,[0.36874014],0.4413683
652,[0.39282167],0.30788848
653,[0.37185463],0.29678792
654,[0.3478461],0.2542751
655,[0.2973013],0.26902956
656,[0.2952805],0.24490169
657,[0.24288893],0.24137485
658,[0.24520901],0.18628591
659,[0.19591238],0.22253701
660,[0.20007569],0.20697829
661,[0.18792439],0.22888422
662,[0.2141226],0.19290683
663,[0.1885719],0.23963666
664,[0.19676034],0.20245427
665,[0.18971512],0.16026363
666,[0.16249412],0.18818954
667,[0.17433304],0.15854022
668,[0.16996868],0.18913662
669,[0.16519989],0.13634306
670,[0.15339312],0.1749194
671,[0.15194787],0.103062496
672,[0.14412524],0.11571333
673,[0.1433032],0.086352885
674,[0.10614807],0.07795127
675,[0.09791757],0.09313139
676,[0.10619832],0.092338935
677,[0.10365227],0.08804025
678,[0.10428301],0.062993005
679,[0.10359286],0.08303249
680,[0.09572008],0.09695305
681,[0.09134974],0.074362785
682,[0.11038468],0.08831456
683,[0.11445455],0.05759746
684,[0.07589524],0.061386064
685,[0.07831597],0.0760023
686,[0.07900185],0.051662758
687,[0.0966429],0.044005767
688,[0.06723779],0.06849694
689,[0.09106506],0.059437826
690,[0.07780788],0.038169995
691,[0.0739487],0.0869859
692,[0.08175689],0.057722747
693,[0.06531888],0.058888465
694,[0.07422297],0.07850686
695,[0.08221484],0.09553242
696,[0.10167066],0.118795216
697,[0.11631157],0.11258918
698,[0.140529],0.15373757
699,[0.13561745],0.13678893
700,[0.14746208],0.16716605
701,[0.14097868],0.17246291
702,[0.15470424],0.15588292
703,[0.14570905],0.15585035
704,[0.15448846],0.20324102
705,[0.17239754],0.21948633
706,[0.21143821],0.20199391
707,[0.23469874],0.22123635
708,[0.21480998],0.22723532
709,[0.24274127],0.24998802
710,[0.24442776],0.19513124
711,[0.23669097],0.13511473
712,[0.20633088],0.21294585
713,[0.21291588],0.14803368
714,[0.18377466],0.16671428
715,[0.18770747],0.18875173
716,[0.20331651],0.1953463
717,[0.20992105],0.18179387
718,[0.20205194],0.20579642
719,[0.20418748],0.16551363
720,[0.21531397],0.17698234
721,[0.19982702],0.15813494
722,[0.19111617],0.18739188
723,[0.19175847],0.1546962
724,[0.201764],0.17896873
725,[0.18963097],0.15574846
726,[0.1975322],0.15302527
727,[0.19636683],0.16310802
728,[0.18768328],0.17104068
729,[0.188044],0.21060684
730,[0.20087473],0.14264905
731,[0.17863731],0.13183165
732,[0.1623701],0.1314646
733,[0.17149056],0.18261752
734,[0.17904131],0.20516416
735,[0.20613731],0.14674503
736,[0.18808179],0.22978339
737,[0.22039306],0.20156687
738,[0.2332256],0.22295141
739,[0.22182344],0.21530458
740,[0.2211825],0.24395376
741,[0.24992807],0.16127849
742,[0.21540551],0.20530301
743,[0.20541416],0.18553296
744,[0.21801893],0.25619507
745,[0.23519002],0.2303209
746,[0.24762328],0.2638881
747,[0.24158074],0.2084417
748,[0.25564387],0.2765532
749,[0.24160081],0.21793556
750,[0.23573041],0.20971629
751,[0.24634291],0.23941144
752,[0.23017828],0.22095045
753,[0.23534895],0.26540044
754,[0.25653008],0.3383156
755,[0.27041516],0.2852425
756,[0.29109436],0.25081354
757,[0.27894998],0.2784837
758,[0.2702065],0.27099884
759,[0.26011968],0.31484452
760,[0.28258714],0.26852298
761,[0.29334274],0.31981114
762,[0.30120218],0.29059994
763,[0.3025036],0.30390579
764,[0.30452794],0.28983495
765,[0.31205025],0.2836259
766,[0.3065506],0.29433683
767,[0.28566912],0.32485172
768,[0.30618605],0.3043634
769,[0.30627933],0.34931168
770,[0.3416352],0.35006782
771,[0.35290533],0.3016397
772,[0.32563397],0.35337833
773,[0.3374301],0.32298476
774,[0.34951705],0.32545862
775,[0.33685017],0.39353386
776,[0.36645854],0.4234539
777,[0.3962415],0.39323536
778,[0.37756053],0.38459763
779,[0.38648438],0.4208515
780,[0.3999451],0.31991306
781,[0.3619533],0.37851593
782,[0.38214839],0.36992666
783,[0.3845087],0.36907348
784,[0.3670552],0.4264616
785,[0.39877653],0.4268016
786,[0.3954911],0.38898382
787,[0.38287818],0.42838678
788,[0.40474018],0.42609003
789,[0.41050053],0.36333874
790,[0.3987641],0.38766238
791,[0.38683674],0.33657244
792,[0.372177],0.36797985
793,[0.34102565],0.3268489
794,[0.36361742],0.34858966
795,[0.357967],0.33881453
796,[0.34277216],0.30031836
797,[0.3208656],0.3201369
798,[0.32919896],0.23045787
799,[0.2611181],0.2575657
800,[0.27476937],0.23949224
801,[0.25246453],0.21574295
802,[0.24229926],0.24796346
803,[0.24257194],0.22521532
804,[0.23365097],0.20991802
805,[0.22181207],0.19477117
806,[0.22040412],0.15688384
807,[0.1871097],0.17471454
808,[0.1996525],0.18694666
809,[0.18474132],0.21418947
810,[0.20322907],0.113966584
811,[0.16453692],0.1546016
812,[0.16600227],0.1502336
813,[0.16386372],0.10873857
814,[0.14760005],0.14563933
815,[0.16211227],0.12581822
816,[0.14866997],0.112093896
817,[0.15200129],0.13447475
818,[0.14329353],0.0846685
819,[0.13572285],0.07428697
820,[0.12431092],0.08410485
821,[0.10429148],0.06601064
822,[0.10869621],0.057894886
823,[0.10668705],0.06513539
824,[0.10447407],0.04160312
825,[0.07904049],0.04867284
826,[0.08465078],0.091499716
827,[0.09872916],0.07844098
828,[0.10834082],0.058947876
829,[0.1050029],0.06426549
830,[0.10123268],0.062062085
831,[0.09490896],0.04802616
832,[0.0831668],0.07751192
833,[0.11327039],0.06491515
834,[0.10621023],0.059082374
835,[0.10646875],0.08596139
836,[0.11263788],0.07428722
837,[0.13162106],0.06260286
838,[0.11197314],0.07456687
839,[0.09431565],0.08857109
840,[0.10841398],0.06729306
841,[0.09812265],0.09233035
842,[0.10242698],0.15363303
843,[0.14381787],0.08965962
844,[0.13198078],0.12145072
845,[0.12426065],0.20243675
846,[0.1656016],0.18205336
847,[0.18200003],0.18774337
848,[0.19718154],0.24702656
849,[0.1966715],0.19214669
850,[0.21170746],0.25301725
851,[0.22794487],0.23468956
852,[0.24393214],0.25604936
853,[0.23795283],0.24232641
854,[0.24009307],0.2652886
855,[0.2503684],0.22742596
856,[0.2407963],0.22310117
857,[0.2514607],0.18758577
858,[0.21404718],0.16964912
859,[0.20934053],0.16145459
860,[0.18924578],0.162435
861,[0.18272257],0.14411056
862,[0.1733882],0.19106537
863,[0.18567209],0.255814
864,[0.22501737],0.14972013
865,[0.2029034],0.202441
866,[0.21419854],0.15172964
867,[0.20103762],0.22055113
868,[0.21172018],0.23003829
869,[0.22179192],0.24934307
870,[0.24149436],0.19214928
871,[0.23540685],0.19939539
872,[0.21658875],0.17901498
873,[0.20831208],0.15717793
874,[0.19251841],0.27066797
875,[0.22723396],0.25997096
876,[0.23654744],0.17631489
877,[0.21247429],0.22077996
878,[0.23543343],0.20667517
879,[0.21573585],0.231816
880,[0.24121651],0.19508576
881,[0.22268665],0.21791533
882,[0.23249656],0.29653132
883,[0.23204164],0.30926305
884,[0.28716135],0.3361203
885,[0.29871306],0.30058312
886,[0.31809774],0.31648937
887,[0.3280366],0.22115132
888,[0.2819401],0.240035
889,[0.25902826],0.28359523
890,[0.2806125],0.22693625
891,[0.23949023],0.22123334
892,[0.24185231],0.20933867
893,[0.2196457],0.16915843
894,[0.21692452],0.1908992
895,[0.19664685],0.23188138
896,[0.21218592],0.26253283
897,[0.23715815],0.24135536
898,[0.24521068],0.27413115
899,[0.2672928],0.23633417
900,[0.24975982],0.25480857
901,[0.2335755],0.35124612
902,[0.30333242],0.30068642
903,[0.29504994],0.31802285
904,[0.3174564],0.32514986
905,[0.31452957],0.3449589
906,[0.3480815],0.35064098
907,[0.34232783],0.27130607
908,[0.32571423],0.33347863
909,[0.33064562],0.34016195
910,[0.32043016],0.31447983
911,[0.32264864],0.30061942
912,[0.30198118],0.3081541
913,[0.30481195],0.33104134
914,[0.31525886],0.37247875
915,[0.35801983],0.3117129
916,[0.3376457],0.30624577
917,[0.31856954],0.2973281
918,[0.31492394],0.3258187
919,[0.33018112],0.34661323
920,[0.3393597],0.33078876
921,[0.34049743],0.34769824
922,[0.33645636],0.38892487
923,[0.357272],0.39563945
924,[0.37791288],0.40066865
925,[0.39511192],0.3730311
926,[0.39857036],0.3639036
927,[0.3682267],0.36005953
928,[0.35956913],0.3271947
929,[0.35721394],0.3957894
930,[0.3585595],0.69798183
931,[0.44565478],0.28680375
932,[0.40914702],0.32072726
933,[0.3642063],0.2927248
934,[0.3341643],0.36109993
935,[0.34329203],0.3915728
936,[0.3510244],0.43370083
937,[0.39373073],0.35677972
938,[0.346269],0.33213496
939,[0.36084452],0.33728984
940,[0.35330445],0.28628024
941,[0.32351017],0.33599016
942,[0.32549772],0.38906035
943,[0.35743886],0.326987
944,[0.34565604],0.3043685
945,[0.31420082],0.29661256
946,[0.31134206],0.28737596
947,[0.2907486],0.30293605
948,[0.30665854],0.285534
949,[0.30815604],0.251916
950,[0.27192202],0.20597553
951,[0.27492732],0.1670292
952,[0.2226866],0.1797233
953,[0.17913656],0.17037895
954,[0.17952797],0.14404792
955,[0.17561035],0.14198759
956,[0.18305075],0.15169609
957,[0.1833207],0.115660906
958,[0.15009838],0.13875428
959,[0.17731838],0.1232698
960,[0.14677787],0.12656173
961,[0.15536226],0.11421129
962,[0.15318558],0.10529688
963,[0.14731833],0.08230078
964,[0.13645703],0.10365738
965,[0.11332274],0.07934418
966,[0.12665689],0.08724913
967,[0.13008383],0.087987795
968,[0.1250018],0.08598983
969,[0.11241697],0.079304904
970,[0.102044],0.061467215
971,[0.10703784],0.056290314
972,[0.0968767],0.043376237
973,[0.08120829],0.057237655
974,[0.08364266],0.06412965
975,[0.10839944],0.048413336
976,[0.08086279],0.094115034
977,[0.08835836],0.09692559
978,[0.10489473],0.095787585
979,[0.09888001],0.12428972
980,[0.1497106],0.61911595
981,[0.32272977],0.12719116
982,[0.259044],0.1744022
983,[0.22644547],0.1399127
984,[0.19204363],0.050211176
985,[0.13394861],0.09219478
986,[0.10698084],0.12688649
987,[0.1205194],0.08830698
988,[0.12107588],0.07358909
989,[0.11613169],0.12832889
990,[0.12263456],0.08695197
991,[0.10551208],0.14813983
992,[0.13956204],0.1760267
993,[0.15982546],0.12000123
994,[0.16828927],0.13698381
995,[0.15771644],0.15342137
996,[0.16715567],0.1755462
997,[0.17747279],0.20930564
998,[0.19575867],0.21905205
999,[0.20211834],0.23584771
1000,[0.24547671],0.27354255
1001,[0.25181845],0.26941004
1002,[0.24631338],0.23889703
1003,[0.23677135],0.27727246
1004,[0.26728073],0.3406503
1005,[0.30109823],0.31061643
1006,[0.32552528],0.344396
1007,[0.346612],0.38076952
1008,[0.35610723],0.33171508
1009,[0.377155],0.33922827
1010,[0.3462936],0.33182594
1011,[0.33925468],0.3178088
1012,[0.34859303],0.32289702
1013,[0.32941252],0.34809697
1014,[0.34281513],0.32361525
1015,[0.33220306],0.360629
1016,[0.35360464],0.25355414
1017,[0.30392522],0.2651504
1018,[0.30500755],0.28161666
1019,[0.28106835],0.273613
1020,[0.25219738],0.25302416
1021,[0.26537624],0.2475482
1022,[0.25925264],0.27798492
1023,[0.24955037],0.22994071
1024,[0.25335947],0.2960739
1025,[0.25328705],0.3280949
1026,[0.2967736],0.2588817
1027,[0.29578918],0.313974
1028,[0.31292123],0.3388083
1029,[0.34066582],0.31815037
1030,[0.32870442],0.30670044
1031,[0.30886075],0.42117706
1032,[0.38140273],0.34859425
1033,[0.33161244],0.33954722
1034,[0.34020093],0.30743322
1035,[0.34920362],0.37943313
1036,[0.35204208],0.32230762
1037,[0.33603978],0.35704514
1038,[0.3445099],0.28641173
1039,[0.31846833],0.26021817
1040,[0.2999089],0.33596867
1041,[0.31235546],0.28262404
1042,[0.30795413],0.32592842
1043,[0.32386693],0.3115311
1044,[0.32245418],0.30202216
1045,[0.31109297],0.29235777
1046,[0.2885585],0.27620882
1047,[0.27567667],0.2982863
1048,[0.29353842],0.28863555
1049,[0.28594124],0.32060683
1050,[0.29531592],0.25097835
1051,[0.29544988],0.34820995
1052,[0.31118718],0.3137653
1053,[0.31287035],0.30106562
1054,[0.31580773],0.24520957
1055,[0.2841705],0.21391541
1056,[0.25195026],0.32766202
1057,[0.271199],0.3329998
1058,[0.30962765],0.3016975
1059,[0.29581276],0.37178823
1060,[0.34632266],0.33199537
1061,[0.35499448],0.33408397
1062,[0.34081984],0.3283558
1063,[0.35258952],0.3628569
1064,[0.33183214],0.44722334
1065,[0.37356693],0.36997285
1066,[0.38129136],0.29462567
1067,[0.34164852],0.36587593
1068,[0.33898193],0.32526767
1069,[0.34570926],0.29122114
1070,[0.32999822],0.35136905
1071,[0.35336405],0.3770738
1072,[0.36022592],0.3769264
1073,[0.35669285],0.40716568
1074,[0.3727587],0.3848574
1075,[0.39091057],0.36408624
1076,[0.38166323],0.35192433
1077,[0.3662103],0.31600562
1078,[0.35069543],0.3030477
1079,[0.31893983],0.31788066
1080,[0.32820594],0.3313452
1081,[0.2945286],0.30602416
1082,[0.3178329],0.31787443
1083,[0.32143983],0.384563
1084,[0.34491226],0.27463242
1085,[0.3217759],0.29969606
1086,[0.30035943],0.4290476
1087,[0.37780887],0.40407917
1088,[0.36290842],0.33231753
1089,[0.36207724],0.32782656
1090,[0.35538703],0.36818084
1091,[0.36412367],0.39353356
1092,[0.35673955],0.27620333
1093,[0.3325734],0.32968932
1094,[0.3242222],0.2871797
1095,[0.32407972],0.21984875
1096,[0.26495284],0.22902271
1097,[0.23729105],0.2531575
1098,[0.2376551],0.25833368
1099,[0.23730618],0.28474587
1100,[0.24574679],0.22734553
1101,[0.23109372],0.21192205
1102,[0.22287296],0.20769382
1103,[0.20639752],0.13515103
1104,[0.18622465],0.16050884
1105,[0.18385734],0.16559172
1106,[0.17905559],0.13108575
1107,[0.14656816],0.23225111
1108,[0.18968943],0.18199235
1109,[0.17768987],0.16612923
1110,[0.18629365],0.13191798
1111,[0.16851096],0.11519197
1112,[0.14851703],0.084384516
1113,[0.13162541],0.21942416
1114,[0.16120264],0.16204458
1115,[0.1665222],0.062048897
1116,[0.14639099],0.113741755
1117,[0.1316529],0.09546308
1118,[0.12276796],0.0778424
1119,[0.09315822],0.10928333
1120,[0.12807024],0.11826205
1121,[0.12047361],0.10228062
1122,[0.11519999],0.10701892
1123,[0.11523016],0.060335442
1124,[0.11321104],0.054757565
1125,[0.10765853],0.09738757
1126,[0.10798281],0.07842669
1127,[0.09875619],0.07478252
1128,[0.10412451],0.06463252
1129,[0.09625948],0.10457727
1130,[0.11045422],0.100220785
1131,[0.11638135],0.13490495
1132,[0.14593029],0.11747816
1133,[0.12467044],0.12686312
1134,[0.1373352],0.11841369
1135,[0.14188862],0.20077303
1136,[0.16975924],0.13028866
1137,[0.15189686],0.15355286
1138,[0.16303647],0.104326695
1139,[0.14971748],0.12755531
1140,[0.14339167],0.18003067
1141,[0.15771629],0.13752732
1142,[0.18006647],0.13786265
1143,[0.17609784],0.14851418
1144,[0.16964263],0.24461934
1145,[0.22219661],0.25811183
1146,[0.23484902],0.19151282
1147,[0.22244436],0.20678467
1148,[0.23963499],0.24315059
1149,[0.23314305],0.31841224
1150,[0.26734647],0.3307162
1151,[0.30557638],0.23820224
1152,[0.2518204],0.27926853
1153,[0.2778126],0.27414918
1154,[0.26763067],0.29122588
1155,[0.28072074],0.34990132
1156,[0.30050704],0.3771117
1157,[0.35117134],0.40823445
1158,[0.3619889],0.34868288
1159,[0.3674985],0.3131318
1160,[0.34144348],0.25738063
1161,[0.31233302],0.32123274
1162,[0.2942031],0.3318077
1163,[0.32106158],0.2962985
1164,[0.30941978],0.28718233
1165,[0.30851233],0.3421486
1166,[0.33983642],0.2921891
1167,[0.31354138],0.43885174
1168,[0.3314468],0.32931867
1169,[0.3377918],0.37912443
1170,[0.37648708],0.39499077
1171,[0.3485753],0.37074617
1172,[0.37080994],0.38884202
1173,[0.3940239],0.44454017
1174,[0.41148493],0.38476542
1175,[0.3657606],0.4508339
1176,[0.38283122],0.45500246
1177,[0.4077999],0.38666764
1178,[0.41833043],0.4217356
1179,[0.4227213],0.44375256
1180,[0.39677858],0.42170122
1181,[0.40499163],0.39121428
1182,[0.39053276],0.4496949
1183,[0.3925735],0.47811815
1184,[0.3969148],0.40482214
1185,[0.39308387],0.41298828
1186,[0.3917363],0.43898955
1187,[0.392339],0.4026989
1188,[0.41329294],0.40369037
1189,[0.413525],0.37623432
1190,[0.36047673],0.3659412
1191,[0.38168296],0.35951123
1192,[0.34890214],0.3908694
1193,[0.37525642],0.44472638
1194,[0.37929636],0.39695677
1195,[0.38841465],0.39657125
1196,[0.3832437],0.40889904
1197,[0.38618663],0.31777525
1198,[0.35267526],0.4321029
1199,[0.39249095],0.35906103
1200,[0.35275],0.33649305
1201,[0.36966285],0.45874748
1202,[0.37369967],0.34288836
1203,[0.36624688],0.34365582
1204,[0.36253348],0.4038293
1205,[0.38374034],0.35017836
1206,[0.3696332],0.45416805
1207,[0.3803734],0.39253303
1208,[0.38177532],0.37210444
1209,[0.3689245],0.35108614
1210,[0.3747303],0.39014593
1211,[0.37828824],0.41168025
1212,[0.35252225],0.42734107
1213,[0.39996436],0.37870517
1214,[0.3924205],0.43843558
1215,[0.39221764],0.37348875
1216,[0.3756525],0.4401324
1217,[0.41100115],0.4184642
1218,[0.3748108],0.35426733
1219,[0.36471584],0.35417113
1220,[0.37095988],0.33713412
1221,[0.35896596],0.32608947
1222,[0.3599072],0.34583777
1223,[0.3226387],0.3445593
1224,[0.33371893],0.3051013
1225,[0.30831864],0.2754249
1226,[0.2983712],0.32620296
1227,[0.29959336],0.29428637
1228,[0.311927],0.34457138
1229,[0.33374688],0.35902676
1230,[0.34513703],0.33084556
1231,[0.32923314],0.26785588
1232,[0.30027643],0.3539501
1233,[0.32662857],0.29594687
1234,[0.32236096],0.2796491
1235,[0.30071938],0.29867077
1236,[0.30464742],0.25182763
1237,[0.27213353],0.22317782
1238,[0.22779082],0.21973476
1239,[0.21816082],0.20208564
1240,[0.22201712],0.19138032
1241,[0.201041],0.1533238
1242,[0.1869914],0.19799191
1243,[0.1905263],0.13856474
1244,[0.16392331],0.1360833
1245,[0.1603749],0.13634145
1246,[0.16626789],0.107837975
1247,[0.1557061],0.12068942
1248,[0.13167192],0.12484506
1249,[0.13213192],0.10404056
1250,[0.13234408],0.10581529
1251,[0.11692558],0.07788031
1252,[0.12625732],0.049436226
1253,[0.09856128],0.115519434
1254,[0.11654831],0.10811603
1255,[0.10720947],0.072558716
1256,[0.13182428],0.09801412
1257,[0.12629135],0.07326107
1258,[0.09276255],0.09615897
1259,[0.10678688],0.08750406
1260,[0.12710747],0.10182747
1261,[0.10161021],0.07008882
1262,[0.0931258],0.043861344
1263,[0.09673883],0.078556314
1264,[0.09092324],0.079883605
1265,[0.10620068],0.10609521
1266,[0.0994349],0.11524141
1267,[0.12543437],0.07801852
1268,[0.12218471],0.09269278
1269,[0.10498852],0.06533462
1270,[0.10880046],0.07431035
1271,[0.09666605],0.086750865
1272,[0.10712433],0.09447484
1273,[0.10480686],0.10802862
1274,[0.12616098],0.13566247
1275,[0.12229535],0.14476782
1276,[0.15339366],0.16972604
1277,[0.16925281],0.18529794
1278,[0.16864564],0.30239344
1279,[0.20906805],0.350811
1280,[0.27576604],0.41659787
1281,[0.34913716],0.28448796
1282,[0.3278119],0.3332175
1283,[0.32979056],0.35516027
1284,[0.35054314],0.30702558
1285,[0.3320347],0.28230098
1286,[0.32973072],0.3717406
1287,[0.33506778],0.30142993
1288,[0.30745283],0.33111763
1289,[0.3237265],0.30926925
1290,[0.3213438],0.20134985
1291,[0.27940854],0.26213214
1292,[0.26360697],0.24681282
1293,[0.2559029],0.24569169
1294,[0.25119612],0.23818934
1295,[0.236376],0.28445193
1296,[0.2519216],0.24109346
1297,[0.2680608],0.28059638
1298,[0.28439325],0.2424455
1299,[0.2601976],0.3087971
1300,[0.29398698],0.25542384
1301,[0.27510822],0.23517892
1302,[0.23891412],0.24454674
1303,[0.24229664],0.24327126
1304,[0.2517848],0.21731922
1305,[0.23985077],0.20290732
1306,[0.21891509],0.3189804
1307,[0.25938562],0.28480902
1308,[0.25938588],0.26246485
1309,[0.2603639],0.2850524
1310,[0.27731147],0.20394504
1311,[0.24246617],0.21964815
1312,[0.22196646],0.2560213
1313,[0.22679652],0.2682887
1314,[0.24498083],0.2602238
1315,[0.25277162],0.47316638
1316,[0.37436435],0.48613414
1317,[0.39363864],0.28605816
1318,[0.35300407],0.2580118
1319,[0.31434613],0.32501763
1320,[0.32328647],0.33452147
1321,[0.31769824],0.252641
1322,[0.2838625],0.22774652
1323,[0.27006713],0.2920324
1324,[0.25228402],0.2914052
1325,[0.2760554],0.27340296
1326,[0.27024344],0.26690707
1327,[0.26949474],0.2908249
1328,[0.2759433],0.29009113
1329,[0.28260154],0.29408056
1330,[0.2791572],0.32919067
1331,[0.31487602],0.28652546
1332,[0.3029512],0.37516716
1333,[0.31406876],0.34090412
1334,[0.34215385],0.26917848
1335,[0.3034576],0.28682986
1336,[0.30680558],0.33087242
1337,[0.32914004],0.29521558
1338,[0.30165705],0.2569332
1339,[0.28582966],0.24906805
1340,[0.2686304],0.2723731
1341,[0.25677553],0.29904804
1342,[0.25562382],0.3248557
1343,[0.31419286],0.3596805
1344,[0.33361325],0.34955207
1345,[0.35595176],0.339715
1346,[0.34212723],0.39328513
1347,[0.38331],0.33489764
1348,[0.35534242],0.352425
1349,[0.35318676],0.33862948
1350,[0.337341],0.30373526
1351,[0.32939196],0.3470456
1352,[0.32879266],0.2860374
1353,[0.3042906],0.27766675
1354,[0.29683214],0.33487207
1355,[0.3221409],0.2788618
1356,[0.30431756],0.31212
1357,[0.31091574],0.31103706
1358,[0.31681684],0.29496068
1359,[0.28743953],0.31995717
1360,[0.32051635],0.40975603
1361,[0.3517173],0.39890364
1362,[0.40321496],0.40117714
1363,[0.38330498],0.39121136
1364,[0.3685839],0.41666117
1365,[0.38354746],0.2977743
1366,[0.36075398],0.31059527
1367,[0.34182593],0.36977068
1368,[0.3426841],0.2892105
1369,[0.292971],0.3136901
1370,[0.33156574],0.3084927
1371,[0.3251554],0.34416807
1372,[0.32465774],0.34808955
1373,[0.32439107],0.26534936
1374,[0.2941516],0.2485854
1375,[0.26219052],0.29845563
1376,[0.2901652],0.26197597
1377,[0.2585666],0.21278799
1378,[0.22505814],0.22525758
1379,[0.2174761],0.28932184
1380,[0.25558963],0.20749435
1381,[0.24796979],0.20874122
1382,[0.22418596],0.25665146
1383,[0.21513166],0.19713828
1384,[0.19968192],0.17060778
1385,[0.18690269],0.16719216
1386,[0.18052877],0.13342276
1387,[0.17387386],0.16105524
1388,[0.16024128],0.21391517
1389,[0.17238493],0.18587041
1390,[0.1883383],0.13090205
1391,[0.17135245],0.12385845
1392,[0.1543513],0.15565348
1393,[0.14553328],0.12472001
1394,[0.13589327],0.11536509
1395,[0.1589058],0.12865564
1396,[0.1527323],0.095651016
1397,[0.14007181],0.12566736
1398,[0.14124438],0.19435322
1399,[0.15959036],0.11496204
1400,[0.14152156],0.099038646
1401,[0.1313787],0.053506106
1402,[0.10061407],0.06982423
1403,[0.09361676],0.101123735
1404,[0.10772327],0.07697971
1405,[0.11935829],0.048543215
1406,[0.08162176],0.11319426
1407,[0.10805111],0.0783858
1408,[0.10455208],0.13036475
1409,[0.13420494],0.11448687
1410,[0.12375899],0.12015051
1411,[0.16260388],0.10825908
1412,[0.1491249],0.14888445
1413,[0.134701],0.107581735
1414,[0.13916875],0.07449889
1415,[0.11826464],0.105188996
1416,[0.12745345],0.13341472
1417,[0.13942535],0.10755697
1418,[0.12214116],0.17587394
1419,[0.14411506],0.21505827
1420,[0.1660102],0.20688686
1421,[0.193725],0.25576773
1422,[0.20123193],0.25861037
1423,[0.21280514],0.28532508
1424,[0.24027826],0.29455385
1425,[0.26623872],0.31076285
1426,[0.29813853],0.3054092
1427,[0.29539454],0.28566873
1428,[0.2920966],0.33616877
1429,[0.32057327],0.29663295
1430,[0.30854344],0.3019108
1431,[0.30490595],0.2599966
1432,[0.29851362],0.28149
1433,[0.2638601],0.27542514
1434,[0.23840427],0.3161207
1435,[0.30910233],0.30684027
1436,[0.29479086],0.26184362
1437,[0.27463308],0.20068538
1438,[0.22583348],0.1634216
1439,[0.23705448],0.21294358
1440,[0.21665303],0.23841786
1441,[0.23523408],0.20205358
1442,[0.20959112],0.26623568
1443,[0.22468607],0.23270017
1444,[0.24513088],0.18887973
1445,[0.22699718],0.2077766
1446,[0.20535576],0.21199626
1447,[0.20403726],0.22537878
1448,[0.22809312],0.21372476
1449,[0.20045218],0.16035098
1450,[0.1851991],0.1516423
1451,[0.16732332],0.15402317
1452,[0.17395684],0.24074009
1453,[0.18529843],0.22871101
1454,[0.19715299],0.21142402
1455,[0.23761517],0.2182079
1456,[0.2198342],0.22661111
1457,[0.22339085],0.23647323
1458,[0.21422532],0.23404363
1459,[0.23417062],0.22147968
1460,[0.23356655],0.3112753
1461,[0.2579614],0.33191845
1462,[0.30239445],0.25207707
1463,[0.26510927],0.24568611
1464,[0.26702243],0.2414707
1465,[0.25225902],0.28400502
1466,[0.25773904],0.2845264
1467,[0.2738146],0.23294544
1468,[0.25950757],0.24274293
1469,[0.25895774],0.28585294
1470,[0.261293],0.29920104
1471,[0.25646198],0.33427948
1472,[0.30897114],0.26596594
1473,[0.27822876],0.24940309
1474,[0.25271016],0.3095417
1475,[0.29308513],0.2655155
1476,[0.26742813],0.2719439
1477,[0.2577012],0.2790564
1478,[0.27537104],0.3069828
1479,[0.2879474],0.26418853
1480,[0.28892946],0.23913342
1481,[0.24128842],0.34806418
1482,[0.29586774],0.3009099
1483,[0.29971385],0.3361628
1484,[0.3093639],0.26673394
1485,[0.32054],0.29008064
1486,[0.2944974],0.3162051
1487,[0.31774527],0.35314217
1488,[0.32347548],0.37193617
1489,[0.34214583],0.31239638
1490,[0.33731532],0.31658804
1491,[0.3300028],0.4204742
1492,[0.35108685],0.40374115
1493,[0.3892341],0.41985545
1494,[0.3685982],0.3612322
1495,[0.3663189],0.3916287
1496,[0.3791224],0.37371597
1497,[0.35904709],0.39559022
1498,[0.37608665],0.44366983
1499,[0.3997775],0.4392942
1500,[0.41127297],0.4457272
1501,[0.41037357],0.40235415
1502,[0.41117877],0.38225666
1503,[0.38144225],0.38589522
1504,[0.3794525],0.35272735
1505,[0.37898374],0.36579308
1506,[0.36338168],0.40782562
1507,[0.37779534],0.39761534
1508,[0.37929475],0.43363628
1509,[0.39687294],0.37720588
1510,[0.40355292],0.41020355
1511,[0.40432632],0.41433516
1512,[0.3994039],0.4128498
1513,[0.4151552],0.4233432
1514,[0.38734874],0.44018295
1515,[0.39951986],0.3666568
1516,[0.39793518],0.4002672
1517,[0.3939587],0.4227849
1518,[0.38815695],0.37235782
1519,[0.38749915],0.3465544
1520,[0.37837884],0.28434953
1521,[0.32084572],0.2578155
1522,[0.29030088],0.2875159
1523,[0.30142036],0.28050125
1524,[0.26964086],0.21903536
1525,[0.2539247],0.22460356
1526,[0.22646451],0.19909969
1527,[0.2311116],0.20494702
1528,[0.20252793],0.21413925
1529,[0.20542459],0.2099922
1530,[0.19343002],0.16305864
1531,[0.17017548],0.16132072
1532,[0.16935802],0.13645121
1533,[0.142872],0.12204602
1534,[0.14364879],0.11858556
1535,[0.15011424],0.12577197
1536,[0.15922844],0.094846204
1537,[0.13557225],0.10028291
1538,[0.13510776],0.09683262
1539,[0.12381727],0.070948794
1540,[0.09292065],0.068125054
1541,[0.09531476],0.047766656
1542,[0.08394497],0.042229667
1543,[0.0737133],0.07450721
1544,[0.07975688],0.10715178
1545,[0.09931015],0.05544974
1546,[0.08740278],0.10823247
1547,[0.12317781],0.10212003
1548,[0.1304959],0.053172126
1549,[0.10230155],0.0778276
1550,[0.0999051],0.085764244
1551,[0.10223974],0.04110323
1552,[0.09071533],0.04534921
1553,[0.08550205],0.07085708
1554,[0.08115657],0.04051298
1555,[0.06808128],0.09052467
1556,[0.07866156],0.08783479
1557,[0.10934712],0.07949482
1558,[0.1051819],0.091256365
1559,[0.08928488],0.0918598
1560,[0.11681265],0.08496158
1561,[0.09921607],0.08512615
1562,[0.10167386],0.08056259
1563,[0.09488136],0.1064744
1564,[0.12489393],0.12893665
1565,[0.13282286],0.11268282
1566,[0.13121991],0.15758187
1567,[0.16027069],0.22107738
1568,[0.17967026],0.240677
1569,[0.1906315],0.21558487
1570,[0.18710215],0.22996768
1571,[0.21687938],0.23713309
1572,[0.20356672],0.19588149
1573,[0.18528125],0.2663903
1574,[0.2042268],0.19675833
1575,[0.18612258],0.20099574
1576,[0.21433003],0.23483104
1577,[0.2223245],0.26463434
1578,[0.23351854],0.21584216
1579,[0.23456268],0.16854045
1580,[0.18823612],0.21530533
1581,[0.20056207],0.14817423
1582,[0.17979124],0.20496309
1583,[0.1852449],0.2054452
1584,[0.1849851],0.18998837
1585,[0.20825294],0.20675075
1586,[0.19444817],0.20757279
1587,[0.19018817],0.13490495
1588,[0.17829338],0.18152276
1589,[0.1867876],0.21024677
1590,[0.20477392],0.14524558
1591,[0.19081616],0.18384984
1592,[0.18895501],0.24779022
1593,[0.19806795],0.18023664
1594,[0.21397366],0.2195608
1595,[0.20962527],0.25474188
1596,[0.2187032],0.2684038
1597,[0.24417037],0.27469236
1598,[0.23989928],0.24710959
1599,[0.24671575],0.20601991
1600,[0.22963724],0.24876365
1601,[0.22783604],0.24897581
1602,[0.23218134],0.33604857
1603,[0.26581478],0.2689351
1604,[0.270971],0.29365486
1605,[0.288043],0.28753385
1606,[0.2667117],0.296651
1607,[0.286005],0.31191796
1608,[0.29787347],0.27104792
1609,[0.2934162],0.32274002
1610,[0.29545376],0.34230533
1611,[0.31988236],0.3409176
1612,[0.324032],0.27383003
1613,[0.32282317],0.27731958
1614,[0.29304692],0.2602259
1615,[0.26600933],0.29822436
1616,[0.28443334],0.28082693
1617,[0.2534215],0.24079606
1618,[0.2523459],0.25188294
1619,[0.24520923],0.3395862
1620,[0.2902666],0.2787192
1621,[0.28004366],0.259505
1622,[0.26179254],0.30778572
1623,[0.276515],0.32050654
1624,[0.30859777],0.42153183
1625,[0.36861166],0.3275028
1626,[0.3800533],0.24152315
1627,[0.2917731],0.3293563
1628,[0.3227642],0.29046708
1629,[0.29454282],0.348907
1630,[0.2976952],0.32019135
1631,[0.31435317],0.31376034
1632,[0.30213785],0.30815935
1633,[0.28914785],0.39904538
1634,[0.3493776],0.3691524
1635,[0.37359405],0.30213267
1636,[0.32743472],0.39994827
1637,[0.35133702],0.36070433
1638,[0.37143484],0.3807889
1639,[0.37912142],0.3802425
1640,[0.38106832],0.40799674
1641,[0.38282534],0.4192311
1642,[0.3861867],0.44391313
1643,[0.3916808],0.45720747
1644,[0.39911515],0.38416442
1645,[0.39393124],0.35745087
1646,[0.38845378],0.36487606
1647,[0.359094],0.34187627
1648,[0.3510475],0.3698438
1649,[0.3573073],0.39971945
1650,[0.36067656],0.38879153
1651,[0.35769033],0.44753483
1652,[0.40268397],0.4201652
1653,[0.39591628],0.3558477
1654,[0.38130897],0.36232582
1655,[0.3538323],0.42789766
1656,[0.39244696],0.42009267
1657,[0.37634513],0.59380054
1658,[0.43658915],0.33181548
1659,[0.3955057],0.3523627
1660,[0.3812473],0.37940332
1661,[0.35138062],0.315154
1662,[0.34493178],0.26519907
1663,[0.30673727],0.35973677
1664,[0.32337025],0.28615955
1665,[0.30739263],0.24325311
1666,[0.2486736],0.27884412
1667,[0.26153684],0.24212506
1668,[0.2407512],0.23151472
1669,[0.23979269],0.25725707
1670,[0.23127118],0.28545716
1671,[0.25038362],0.19406027
1672,[0.21908805],0.21022773
1673,[0.21215795],0.15292695
1674,[0.18715957],0.1380364
1675,[0.16039833],0.15131217
1676,[0.16040695],0.14434463
1677,[0.15070027],0.124767125
1678,[0.14083093],0.098562494
1679,[0.13430876],0.13792294
1680,[0.13585983],0.07715781
1681,[0.11658316],0.14314932
1682,[0.1618031],0.11046845
1683,[0.12569669],0.09305024
1684,[0.12608968],0.07601683
1685,[0.1183287],0.13041848
1686,[0.12287414],0.093301445
1687,[0.11433393],0.09133841
1688,[0.13226037],0.082558215
1689,[0.10103341],0.054456174
1690,[0.10226204],0.12180817
1691,[0.11083858],0.09260069
1692,[0.10135726],0.03277345
1693,[0.08645237],0.1206069
1694,[0.11430644],0.09413418
1695,[0.12955527],0.07718417
1696,[0.10869783],0.11037487
1697,[0.11139932],0.107026756
1698,[0.10635562],0.08986941
1699,[0.11142586],0.118021935
1700,[0.09106021],0.1280905
1701,[0.13116992],0.10017863
1702,[0.12540561],0.09698029
1703,[0.11071141],0.10418151
1704,[0.11589579],0.11009845
1705,[0.1122136],0.13402224
1706,[0.11844015],0.15906808
1707,[0.15889741],0.14669183
1708,[0.15827103],0.20900747
1709,[0.17176045],0.20372841
1710,[0.18321127],0.17527413
1711,[0.16356029],0.23543048
1712,[0.189342],0.2692641
1713,[0.20609531],0.33332255
1714,[0.27224487],0.24619383
1715,[0.25739902],0.2705341
1716,[0.25732633],0.23461002
1717,[0.23686638],0.250671
1718,[0.2292981],0.26945478
1719,[0.24651727],0.22352389
1720,[0.23253188],0.2461569
1721,[0.2462346],0.2866438
1722,[0.25020766],0.2579725
1723,[0.2751977],0.20747608
1724,[0.23085038],0.19198796
1725,[0.25386682],0.2255272
1726,[0.23181455],0.18738192
1727,[0.23379824],0.20707983
1728,[0.2361145],0.187962
1729,[0.2253678],0.2092717
1730,[0.21532467],0.25271356
1731,[0.2237429],0.2669568
1732,[0.24426855],0.25463808
1733,[0.26809314],0.29216835
1734,[0.2670559],0.20814824
1735,[0.26111358],0.21485978
1736,[0.24032132],0.20421124
1737,[0.23421487],0.17175761
1738,[0.21778189],0.18097964
1739,[0.20131145],0.19044578
1740,[0.21817057],0.16512749
1741,[0.19954598],0.16091406
1742,[0.20461816],0.22596669
1743,[0.2063838],0.1889301
1744,[0.21794014],0.17481774
1745,[0.2227446],0.23375267
1746,[0.22932647],0.14060622
1747,[0.19385462],0.29692605
1748,[0.22813088],0.3308759
1749,[0.27127522],0.27849948
1750,[0.29635924],0.27067286
1751,[0.2755962],0.2989686
1752,[0.28468567],0.21205753
1753,[0.26449415],0.21350479
1754,[0.22701369],0.21678004
1755,[0.24654353],0.3038977
1756,[0.2522017],0.3055376
1757,[0.27961478],0.3000785
1758,[0.2914859],0.26982665
1759,[0.27905104],0.26899678
1760,[0.27165675],0.3844597
1761,[0.31995207],0.28396314
1762,[0.3254987],0.33172977
1763,[0.32060134],0.2794805
1764,[0.31187016],0.28790087
1765,[0.29444712],0.3747085
1766,[0.31714034],0.38183358
1767,[0.36582825],0.29487032
1768,[0.33644488],0.3666086
1769,[0.34503025],0.30338216
1770,[0.33934066],0.30080202
1771,[0.30615285],0.3199057
1772,[0.31199887],0.39285812
1773,[0.374875],0.2690927
1774,[0.30872113],0.25911027
1775,[0.29307547],0.27371332
1776,[0.28207996],0.31371674
1777,[0.28360674],0.30826226
1778,[0.29571787],0.36391446
1779,[0.31811264],0.37100032
1780,[0.366585],0.41682574
1781,[0.39453655],0.3882989
1782,[0.38875037],0.37154648
1783,[0.39220092],0.28469828
1784,[0.34122536],0.36613616
1785,[0.35649395],0.24978766
1786,[0.317113],0.32027978
1787,[0.3130368],0.31287175
1788,[0.300856],0.3229441
1789,[0.31562388],0.38029173
1790,[0.33751184],0.36409357
1791,[0.33789685],0.3409988
1792,[0.3419748],0.34731272
1793,[0.36029536],0.43298885
1794,[0.40054235],0.46321437
1795,[0.42146617],0.43040946
1796,[0.40000436],0.32263088
1797,[0.3710392],0.30201754
1798,[0.34983382],0.37665007
1799,[0.35459384],0.33501363
1800,[0.35167128],0.3572233
1801,[0.36525416],0.25796503
1802,[0.31793454],0.33577725
1803,[0.3171355],0.32768646
1804,[0.3166691],0.36261138
1805,[0.34481806],0.3215744
1806,[0.33089703],0.30507258
1807,[0.3365063],0.23642725
1808,[0.282894],0.30176476
1809,[0.29315478],0.30239913
1810,[0.28569555],0.24071598
1811,[0.25143442],0.2832355
1812,[0.27962252],0.21168229
1813,[0.25268534],0.18646428
1814,[0.2306678],0.18298864
1815,[0.20011885],0.17107895
1816,[0.20440225],0.17020446
1817,[0.18657897],0.14279917
1818,[0.17569251],0.10260141
1819,[0.16675001],0.101729885
1820,[0.13874537],0.11211008
1821,[0.12418916],0.12598926
1822,[0.14477833],0.100577354
1823,[0.13223569],0.100641355
1824,[0.14525047],0.07440232
1825,[0.13821909],0.05525586
1826,[0.0907142],0.3528209
1827,[0.20791808],0.11303133
1828,[0.18872762],0.08926028
1829,[0.13781929],0.07287653
1830,[0.1305704],0.08135532
1831,[0.11569789],0.05177623
1832,[0.08504135],0.07371846
1833,[0.1072687],0.04562588
1834,[0.08240044],0.04453039
1835,[0.06993815],0.06838232
1836,[0.09118489],0.056569964
1837,[0.07874898],0.021908924
1838,[0.08133647],0.02903667
1839,[0.06562012],0.056329846
1840,[0.07113193],0.014106125
1841,[0.08317301],0.025601208
1842,[0.06214165],0.028288096
1843,[0.06627993],0.028531447
1844,[0.07920335],0.041596904
1845,[0.06622422],0.06804028
1846,[0.0976073],0.047212675
1847,[0.09180062],0.079664975
1848,[0.11334337],0.08496024
1849,[0.10931017],0.079332635
1850,[0.11196948],0.08954662
1851,[0.11028087],0.09855193
1852,[0.09881757],0.09902845
1853,[0.10608848],0.17322072
1854,[0.15249996],0.18617195
1855,[0.17487364],0.20800307
1856,[0.17562155],0.2221818
1857,[0.19627343],0.1785684
1858,[0.18857692],0.21403834
1859,[0.2090869],0.18906668
1860,[0.17756397],0.18230292
1861,[0.17824936],0.28265274
1862,[0.22596352],0.30808318
1863,[0.25973934],0.18359393
1864,[0.21561973],0.22566006
1865,[0.24878044],0.22425097
1866,[0.22047037],0.15415633
1867,[0.22204293],0.13429293
1868,[0.18693604],0.14392984
1869,[0.17989689],0.118055224
1870,[0.1518846],0.13553149
1871,[0.16681983],0.12699166
1872,[0.15456605],0.21374351
1873,[0.19237056],0.1529333
1874,[0.1859955],0.1986089
1875,[0.21298222],0.18936509
1876,[0.20716341],0.17476067
1877,[0.1983929],0.17294207
1878,[0.2014733],0.18804935
1879,[0.2082055],0.22932598
1880,[0.21474263],0.19244212
1881,[0.21362714],0.20507255
1882,[0.23063636],0.20305869
1883,[0.21392061],0.18449095
1884,[0.22140577],0.21056244
1885,[0.21990931],0.193674
1886,[0.20517692],0.17996556
1887,[0.21716666],0.19016504
1888,[0.2146746],0.18867317
1889,[0.19974256],0.20231435
1890,[0.21217133],0.2237629
1891,[0.21864852],0.19013497
1892,[0.21093872],0.22544703
1893,[0.22268443],0.21836737
1894,[0.23375936],0.22215137
1895,[0.22809778],0.2770689
1896,[0.26553714],0.23834392
1897,[0.2558734],0.28043965
1898,[0.26155666],0.2803178
1899,[0.26691326],0.27589273
1900,[0.25606075],0.26983273
1901,[0.27982765],0.26093847
1902,[0.26966345],0.22031236
1903,[0.2443389],0.2509375
1904,[0.2346653],0.25732523
1905,[0.249649],0.24217254
1906,[0.26314166],0.255529
1907,[0.24360442],0.2250289
1908,[0.2554135],0.23352224
1909,[0.23461057],0.283727
1910,[0.2535787],0.2549272
1911,[0.24586916],0.21648586
1912,[0.23494737],0.26495972
1913,[0.26504055],0.2691965
1914,[0.2703998],0.280111
1915,[0.25745755],0.26664758
1916,[0.25880232],0.26311314
1917,[0.25113264],0.31744042
1918,[0.2882366],0.34246454
1919,[0.31385756],0.39127985
1920,[0.34260938],0.37434945
1921,[0.3702489],0.33695206
1922,[0.35426736],0.30055815
1923,[0.32797512],0.28955466
1924,[0.3060568],0.3009099
1925,[0.29813242],0.29594973
1926,[0.30701473],0.39064422
1927,[0.34804615],0.36321154
1928,[0.33299214],0.3729262
1929,[0.354307],0.35296252
1930,[0.38675475],0.2900328
1931,[0.33320346],0.30262932
1932,[0.3362256],0.31020752
1933,[0.31248605],0.3025403
1934,[0.30915168],0.3913001
1935,[0.3271179],0.39142212
1936,[0.3711713],0.3177459
1937,[0.34808162],0.357065
1938,[0.35025525],0.37854084
1939,[0.35397276],0.31069
1940,[0.3345981],0.351813
1941,[0.35893723],0.37979367
1942,[0.35988128],0.3105017
1943,[0.34209704],0.33206397
1944,[0.32509992],0.31652865
1945,[0.3333698],0.24998587
1946,[0.295403],0.3896908
1947,[0.3557054],0.33608186
1948,[0.33512393],0.30699176
1949,[0.34519917],0.2973061
1950,[0.3338723],0.28640985
1951,[0.28493285],0.23247325
1952,[0.25427166],0.2850898
1953,[0.2852185],0.225431
1954,[0.23297076],0.18721473
1955,[0.21250914],0.16461638
1956,[0.20104104],0.18108752
1957,[0.18761845],0.19659647
1958,[0.20839635],0.20230561
1959,[0.19006366],0.18627736
1960,[0.18817052],0.1391303
1961,[0.17335759],0.13340265
1962,[0.17429797],0.1163491
1963,[0.16281523],0.12074509
1964,[0.14699915],0.10586402
1965,[0.13314229],0.16338992
1966,[0.16162837],0.095348
1967,[0.14587499],0.107660234
1968,[0.11933731],0.1077081
1969,[0.13126306],0.08376953
1970,[0.13241158],0.12377131
1971,[0.15167436],0.14715755
1972,[0.14783703],0.06387907
1973,[0.11997335],0.115879506
1974,[0.14058731],0.07715024
1975,[0.11085191],0.1076718
1976,[0.12153801],0.09324676
1977,[0.13443986],0.054093122
1978,[0.10406659],0.09611139
1979,[0.12342792],0.07956307
1980,[0.10092616],0.07905026
1981,[0.1010969],0.07254282
1982,[0.10248407],0.06931278
1983,[0.11436862],0.067539036
1984,[0.12317327],0.06996082
1985,[0.09627089],0.05675392
1986,[0.08420421],0.05345042
1987,[0.09018302],0.05336304
1988,[0.08584625],0.054488122
1989,[0.077365],0.0746658
1990,[0.08682194],0.054846585
1991,[0.1018341],0.0376153
1992,[0.08036656],0.06278519
1993,[0.08538501],0.025882468
1994,[0.07845436],0.06693028
1995,[0.07457374],0.040705502
1996,[0.07672288],0.058866978
1997,[0.07557143],0.12681454
1998,[0.1142502],0.11242181
1999,[0.12536588],0.14647248
2000,[0.1694125],0.11127299
2001,[0.14299418],0.13187575
2002,[0.16450334],0.14608082
2003,[0.14936751],0.15378007
2004,[0.16367063],0.18212783
2005,[0.1796601],0.15847188
2006,[0.15607497],0.1940012
2007,[0.16587937],0.21717206
2008,[0.21046728],0.28495878
2009,[0.2241033],0.24819651
2010,[0.23760138],0.30336896
2011,[0.28342748],0.24601087
2012,[0.2524383],0.29661652
2013,[0.2880074],0.3233985
2014,[0.26454487],0.30141026
2015,[0.30182475],0.39677867
2016,[0.34099624],0.3042375
2017,[0.33877856],0.31290722
2018,[0.34313026],0.38487753
2019,[0.36709931],0.31842494
2020,[0.36491168],0.33873138
2021,[0.33661842],0.36800334
2022,[0.36004877],0.28193584
2023,[0.33212894],0.35007071
2024,[0.34610015],0.28985932
2025,[0.29891148],0.26851588
2026,[0.29383695],0.33909333
2027,[0.29416618],0.2613292
2028,[0.27810857],0.3496352
2029,[0.32471752],0.3058104
2030,[0.30804414],0.2555327
2031,[0.29406682],0.2743933
2032,[0.303267],0.33935034
2033,[0.31659135],0.29933003
2034,[0.3007059],0.2816701
2035,[0.2814088],0.30797637
2036,[0.30641153],0.28495717
2037,[0.28511572],0.32820353
2038,[0.30852538],0.33733225
2039,[0.3400468],0.2965881
2040,[0.33242068],0.3185768
2041,[0.31601483],0.32307932
2042,[0.33684778],0.37063757
2043,[0.34552744],0.3324033
2044,[0.35749403],0.37162718
2045,[0.34243605],0.39451745
2046,[0.38136262],0.3400138
2047,[0.3617954],0.31476808
2048,[0.35319522],0.28242925
2049,[0.3382033],0.39609405
2050,[0.35016817],0.34425285
2051,[0.33779225],0.32729262
2052,[0.33363283],0.3364662
2053,[0.3372267],0.34069043
2054,[0.34207186],0.3543515
2055,[0.3554948],0.36287168
2056,[0.3623695],0.40564612
2057,[0.38166544],0.3828756
2058,[0.3762344],0.3100647
2059,[0.36087662],0.3450146
2060,[0.34619865],0.31714633
2061,[0.34727448],0.29526055
2062,[0.32848394],0.31781965
2063,[0.29880804],0.35687867
2064,[0.33298355],0.29738218
2065,[0.3274749],0.3494238
2066,[0.3236539],0.404586
2067,[0.37294415],0.3712348
2068,[0.36036572],0.3493875
2069,[0.35089296],0.36814854
2070,[0.37592342],0.36742768
2071,[0.35441735],0.346821
2072,[0.33538157],0.40779027
2073,[0.37123418],0.3403198
2074,[0.36336026],0.26376253
2075,[0.31941867],0.40346542
2076,[0.3372746],0.37524733
2077,[0.36799026],0.3348702
2078,[0.3435925],0.34308785
2079,[0.35559005],0.31794193
2080,[0.34485003],0.29370892
2081,[0.30397055],0.34217632
2082,[0.34833923],0.3440992
2083,[0.32590365],0.3371013
2084,[0.3291888],0.33436173
2085,[0.3240806],0.32177815
2086,[0.318363],0.38407758
2087,[0.3469713],0.3921689
2088,[0.3671259],0.38499972
2089,[0.36589342],0.38647863
2090,[0.37247798],0.36778882
2091,[0.39891094],0.34895596
2092,[0.36623088],0.34420806
2093,[0.36275914],0.30095774
2094,[0.32991403],0.33662266
2095,[0.3260243],0.3214576
2096,[0.32664946],0.26834062
2097,[0.31193003],0.30781803
2098,[0.29195413],0.28345054
2099,[0.31956607],0.28686425
2100,[0.28925753],0.2636722
2101,[0.2727319],0.19538131
2102,[0.23868239],0.21250072
2103,[0.24161942],0.25341168
2104,[0.24085681],0.2297396
2105,[0.22206588],0.2086756
2106,[0.22202323],0.19018528
2107,[0.21361239],0.17211044
2108,[0.19330369],0.121699125
2109,[0.15961093],0.14768976
2110,[0.16168903],0.12351775
2111,[0.14363334],0.11835241
2112,[0.1398631],0.13682449
2113,[0.15996855],0.13389024
2114,[0.1449001],0.12025836
2115,[0.14687374],0.14587572
2116,[0.155125],0.1097779
2117,[0.16367204],0.14910305
2118,[0.15946451],0.11037186
2119,[0.1453131],0.07833931
2120,[0.12501395],0.071037784
2121,[0.11693184],0.08181894
2122,[0.12897296],0.079717696
2123,[0.09685606],0.04670286
2124,[0.085406],0.061380103
2125,[0.08125411],0.06475943
2126,[0.08743729],0.04758756
2127,[0.06959088],0.049863547
2128,[0.08804376],0.039825678
2129,[0.07925259],0.0675977
2130,[0.07106918],0.05608648
2131,[0.08909936],0.03548771
2132,[0.08384816],0.028406411
2133,[0.07286116],0.104026526
2134,[0.08875331],0.044121116
2135,[0.08383534],0.05298634
2136,[0.08091823],0.07295099
2137,[0.08343405],0.05085711
2138,[0.08161397],0.04918456
2139,[0.09232697],0.07150699
2140,[0.08691123],0.040118486
2141,[0.08571806],0.06698136
2142,[0.08259749],0.047594517
2143,[0.07719164],0.04457687
2144,[0.08211998],0.05047232
2145,[0.07787271],0.046921477
2146,[0.07202947],0.067528844
2147,[0.07636731],0.08524747
2148,[0.09434342],0.108666986
2149,[0.09462513],0.105206534
2150,[0.13095775],0.11504194
2151,[0.13574705],0.16212898
2152,[0.13796522],0.17217308
2153,[0.15359165],0.1555196
2154,[0.16368341],0.2258972
2155,[0.19604774],0.2318975
2156,[0.23945685],0.20993218
2157,[0.24753393],0.3253567
2158,[0.25674492],0.2835307
2159,[0.26734406],0.33114833
2160,[0.3021003],0.38748053
2161,[0.34048057],0.31552562
2162,[0.32775205],0.33676413
2163,[0.33816576],0.25134218
2164,[0.30562815],0.31384954
2165,[0.30008537],0.30009082
2166,[0.3017286],0.34273562
2167,[0.32601973],0.37894556
2168,[0.34304443],0.31078756
2169,[0.3532424],0.29387647
2170,[0.33913493],0.31454384
2171,[0.30592388],0.3604249
2172,[0.35151932],0.35146636
2173,[0.35462025],0.32147238
2174,[0.35889176],0.38404992
2175,[0.35105383],0.37677446
2176,[0.3730048],0.33041823
2177,[0.34271586],0.31995925
2178,[0.35912418],0.35576183
2179,[0.34785414],0.37759033
2180,[0.33325934],0.41722074
2181,[0.39945284],0.43409517
2182,[0.37979993],0.43085006
2183,[0.40978],0.4441094
2184,[0.40488437],0.45106706
2185,[0.4176292],0.42093322
2186,[0.4085115],0.44233093
2187,[0.41665506],0.40823087
2188,[0.37906182],0.35064468
2189,[0.36119774],0.449159
2190,[0.40949225],0.44845387
2191,[0.39760432],0.38948724
2192,[0.40130705],0.4879218
2193,[0.39106205],0.45533243
2194,[0.4273077],0.33783114
2195,[0.39027643],0.415144
2196,[0.38932198],0.3940195
2197,[0.36943424],0.39220253
2198,[0.36627093],0.46385214
2199,[0.3814627],0.40396383
2200,[0.39880887],0.36961713
2201,[0.39003053],0.34100017
2202,[0.36970475],0.41500017
2203,[0.40010005],0.4069191
2204,[0.37994748],0.3886151
2205,[0.38012806],0.37247893
2206,[0.3814404],0.3935816
2207,[0.38486293],0.35762593
2208,[0.36910957],0.33400923
2209,[0.36801773],0.37845162
2210,[0.373797],0.36278638
2211,[0.3640846],0.35696843
2212,[0.3595625],0.3040902
2213,[0.35453558],0.37536564
2214,[0.34609866],0.28424624
2215,[0.34148145],0.3470246
2216,[0.33640712],0.33604747
2217,[0.33240387],0.30630544
2218,[0.31908488],0.30229822
2219,[0.30105007],0.30200347
2220,[0.30104417],0.3220419
2221,[0.31642318],0.3443192
2222,[0.32903087],0.3750758
2223,[0.32484245],0.34241483
2224,[0.35318434],0.3164799
2225,[0.34923974],0.32447362
2226,[0.33796224],0.31260556
2227,[0.3181615],0.27916664
2228,[0.32533848],0.3133007
2229,[0.3057741],0.2998821
2230,[0.30036804],0.26770946
2231,[0.28123552],0.30950513
2232,[0.29183593],0.3246543
2233,[0.30083427],0.2970399
2234,[0.30036172],0.34275776
2235,[0.32129616],0.33079445
2236,[0.31512162],0.29372782
2237,[0.31777388],0.30843738
2238,[0.32187784],0.29434118
2239,[0.29842246],0.3365399
2240,[0.31262046],0.2665009
2241,[0.30572212],0.24102956
2242,[0.27633172],0.17888248
2243,[0.22095217],0.12854165
2244,[0.18282679],0.1770747
2245,[0.18674514],0.17127195
2246,[0.18194106],0.19069213
2247,[0.18343423],0.20695195
2248,[0.20134945],0.16066858
2249,[0.17071928],0.13654393
2250,[0.1464978],0.17216659
2251,[0.16847572],0.16327962
2252,[0.16609806],0.11807969
2253,[0.14548373],0.1492671
2254,[0.15913326],0.11371538
2255,[0.14939758],0.101498336
2256,[0.15200222],0.08007887
2257,[0.11870331],0.079057574
2258,[0.11295985],0.08030768
2259,[0.09939454],0.072123066
2260,[0.10619909],0.054997697
2261,[0.09561554],0.078774944
2262,[0.08126209],0.064820185
2263,[0.08555771],0.06755817
2264,[0.10785067],0.05125025
2265,[0.08048911],0.040333882
2266,[0.09408768],0.031305715
2267,[0.07403637],0.02845265
2268,[0.06935954],0.038760245
2269,[0.06882156],0.028235644
2270,[0.06263511],0.029204488
2271,[0.06483179],0.02861026
2272,[0.06507831],0.040751994
2273,[0.07773309],0.050416887
2274,[0.06874488],0.03887534
2275,[0.06673168],0.036481276
2276,[0.07300843],0.08357291
2277,[0.09550007],0.10677284
2278,[0.11415493],0.091119155
2279,[0.12048847],0.07309218
2280,[0.10390835],0.08200686
2281,[0.09211442],0.12716618
2282,[0.11513995],0.102858946
2283,[0.12490616],0.105134934
2284,[0.12923521],0.13320604
2285,[0.15361215],0.10893211
2286,[0.15487714],0.16871685
2287,[0.15788916],0.19686049
2288,[0.17686085],0.12664449
2289,[0.14434405],0.18319994
2290,[0.16993214],0.18412158
2291,[0.15887837],0.17073143
2292,[0.16878289],0.16455796
2293,[0.1675048],0.1966435
2294,[0.16663623],0.16404516
2295,[0.182616],0.17374909
2296,[0.17260349],0.23048547
2297,[0.18980199],0.21716112
2298,[0.20869899],0.17185119
2299,[0.17891891],0.2071783
2300,[0.19965978],0.16695392
2301,[0.18965645],0.14645085
2302,[0.17843945],0.18200415
2303,[0.18533963],0.15524882
2304,[0.1909646],0.19270164
2305,[0.19216958],0.21504048
2306,[0.21849357],0.15084124
2307,[0.19536842],0.13493428
2308,[0.18222027],0.11880708
2309,[0.16226466],0.16405997
2310,[0.17145512],0.12883174
2311,[0.1688935],0.20083007
2312,[0.20339358],0.19706759
2313,[0.19022258],0.123541385
2314,[0.16336372],0.1573543
2315,[0.18892783],0.118484914
2316,[0.14730977],0.15410623
2317,[0.15854551],0.2139915
2318,[0.18156974],0.15189609
2319,[0.18129496],0.19477084
2320,[0.1893994],0.2302542
2321,[0.21281415],0.23289722
2322,[0.21182853],0.14760038
2323,[0.198785],0.23065814
2324,[0.20707947],0.24986076
2325,[0.23497401],0.22498271
2326,[0.22788286],0.2608952
2327,[0.2520926],0.24186707
2328,[0.2456869],0.23481724
2329,[0.22477499],0.27122918
2330,[0.2545812],0.21801263
2331,[0.23600854],0.19975123
2332,[0.24192968],0.2192795
2333,[0.22404546],0.2469407
2334,[0.22784817],0.21276638
2335,[0.22227363],0.24170578
2336,[0.23397061],0.24706501
2337,[0.22842036],0.21196482
2338,[0.22266021],0.20650068
2339,[0.22567643],0.2855289
2340,[0.23868105],0.24123493
2341,[0.2423746],0.21960005
2342,[0.24278788],0.27927232
2343,[0.24763747],0.18505248
2344,[0.21609226],0.24926814
2345,[0.22223541],0.2719636
2346,[0.26797175],0.32381564
2347,[0.2820975],0.32103974
2348,[0.29488274],0.27970308
2349,[0.28101966],0.29634634
2350,[0.28090927],0.34024882
2351,[0.31456676],0.35206282
2352,[0.32768992],0.3346578
2353,[0.32448798],0.32232055
2354,[0.33213073],0.31684646
2355,[0.32143334],0.3496438
2356,[0.33323115],0.38689008
2357,[0.37068647],0.3338984
2358,[0.362482],0.37567326
2359,[0.37896132],0.38823214
2360,[0.36756963],0.35480016
2361,[0.37253013],0.326311
2362,[0.3638013],0.28836584
2363,[0.31076112],0.36912397
2364,[0.3455647],0.3577917
2365,[0.35164264],0.3406882
2366,[0.34017664],0.36357912
2367,[0.36067823],0.31796083
2368,[0.33090526],0.39797732
2369,[0.37472758],0.36028185
2370,[0.37313235],0.3787246
2371,[0.38114545],0.36951706
2372,[0.36379558],0.37422016
2373,[0.36282617],0.3241442
2374,[0.35019058],0.35735294
2375,[0.33640432],0.33376688
2376,[0.34884134],0.33535665
2377,[0.33265442],0.28351915
2378,[0.3250398],0.30828673
2379,[0.32541236],0.34459263
2380,[0.31345844],0.2848099
2381,[0.31430927],0.27296096
2382,[0.28987575],0.26080468
2383,[0.26273438],0.2862157
2384,[0.26415297],0.2996794
2385,[0.27114022],0.21002921
2386,[0.2482319],0.17143813
2387,[0.19301146],0.18088344
2388,[0.1801082],0.15096602
2389,[0.16957547],0.13288656
2390,[0.16773376],0.18879858
2391,[0.16125286],0.11793989
2392,[0.15927349],0.1370013
2393,[0.14629705],0.12961406
2394,[0.16226436],0.111226976
2395,[0.14640169],0.10694173
2396,[0.1480761],0.1160734
2397,[0.11845658],0.12083647
2398,[0.14980307],0.08667207
2399,[0.11834086],0.10068324
2400,[0.12002034],0.06777057
2401,[0.13392527],0.11617234
2402,[0.11445887],0.119135916
2403,[0.13018322],0.06596117
2404,[0.11333986],0.08649136
2405,[0.11540083],0.08056955
2406,[0.09801771],0.08135207
2407,[0.09928883],0.07319409
2408,[0.1036906],0.0635671
2409,[0.09110541],0.06719972
2410,[0.08139387],0.061173037
2411,[0.10373619],0.050829142
2412,[0.09191598],0.072988644
2413,[0.08268226],0.09343144
2414,[0.11040286],0.072577745
2415,[0.10212712],0.03490901
2416,[0.06990669],0.05763538
2417,[0.09586437],0.04785104
2418,[0.08371148],0.03883283
2419,[0.07636879],0.08123888
2420,[0.07885149],0.030610576
2421,[0.07839031],0.05580385
2422,[0.06161918],0.07958943
2423,[0.1066031],0.047670335
2424,[0.08381738],0.061365306
2425,[0.09077637],0.10026376
2426,[0.10980157],0.12760314
2427,[0.13957791],0.077920586
2428,[0.12239282],0.118362606
2429,[0.11659203],0.1465643
2430,[0.12560469],0.14014721
2431,[0.1483058],0.2168433
2432,[0.19039889],0.23642153
2433,[0.1873734],0.2631099
2434,[0.2070592],0.22578672
2435,[0.204438],0.22536126
2436,[0.22259802],0.21418676
2437,[0.20003535],0.22899526
2438,[0.2145937],0.2658382
2439,[0.23242857],0.24576479
2440,[0.23691024],0.2610353
2441,[0.25159585],0.1771023
2442,[0.2029624],0.19335318
2443,[0.19832024],0.18514845
2444,[0.19201061],0.21905792
2445,[0.18352582],0.18563056
2446,[0.1960149],0.24671945
2447,[0.21151942],0.24025527
2448,[0.24175625],0.24034697
2449,[0.25733417],0.18595895
2450,[0.2131382],0.26384187
2451,[0.23886535],0.29020756
2452,[0.25576755],0.269069
2453,[0.26103187],0.22885108
2454,[0.25186035],0.16287223
2455,[0.21831079],0.23813254
2456,[0.21923876],0.2065168
2457,[0.21810935],0.19219992
2458,[0.22578159],0.24635369
2459,[0.22355115],0.28212103
2460,[0.23876241],0.20542994
2461,[0.23454088],0.19963503
2462,[0.22440267],0.21282417
2463,[0.21216494],0.14549193
2464,[0.2018002],0.24135858
2465,[0.20941252],0.20490691
2466,[0.20430793],0.2032806
2467,[0.20940104],0.24960858
2468,[0.23585421],0.23836434
2469,[0.2424572],0.26008958
2470,[0.2620407],0.23744333
2471,[0.23570773],0.2792753
2472,[0.27623275],0.22005123
2473,[0.24762729],0.2461184
2474,[0.23169525],0.294287
2475,[0.249938],0.2621878
2476,[0.28430936],0.19635898
2477,[0.22099133],0.1945568
2478,[0.20881014],0.2586291
2479,[0.21751897],0.26514181
2480,[0.251171],0.29410824
2481,[0.25519648],0.26149467
2482,[0.2359978],0.29340455
2483,[0.28656462],0.30403727
2484,[0.28050488],0.33986565
2485,[0.3295091],0.34291723
2486,[0.33008692],0.3071014
2487,[0.33243817],0.29747579
2488,[0.31536016],0.3151924
2489,[0.2928105],0.32421523
2490,[0.31814685],0.34992293
2491,[0.34306905],0.3261075
2492,[0.32989025],0.31812888
2493,[0.32803765],0.32183272
2494,[0.33824125],0.35364133
2495,[0.3403778],0.34495944
2496,[0.34312582],0.26938853
2497,[0.30245993],0.30372208
2498,[0.28343815],0.30305624
2499,[0.30893755],0.3281823
2500,[0.32339844],0.34250057
2501,[0.31076956],0.3626261
2502,[0.33603585],0.38536534
2503,[0.35589632],0.2908265
2504,[0.33626238],0.2941841
2505,[0.29406035],0.2752361
2506,[0.30756193],0.23715025
2507,[0.2678101],0.27167606
2508,[0.26985496],0.25039965
2509,[0.24561216],0.25105283
2510,[0.25820214],0.21328163
2511,[0.22568765],0.28533503
2512,[0.25208074],0.29202616
2513,[0.2822406],0.2792427
2514,[0.27809513],0.30285677
2515,[0.293146],0.3152825
2516,[0.28769848],0.34258536
2517,[0.32876992],0.29811388
2518,[0.31060156],0.3767164
2519,[0.37646222],0.30264646
2520,[0.3262812],0.31881133
2521,[0.32498312],0.38484558
2522,[0.34788826],0.2838838
2523,[0.3122379],0.29198477
2524,[0.3061107],0.39899072
2525,[0.32326946],0.36277565
2526,[0.3358091],0.2627948
2527,[0.30822182],0.28841937
2528,[0.28481105],0.20613313
2529,[0.2401708],0.21361375
2530,[0.21945965],0.21361375
2531,[0.20243895],0.18985751
2532,[0.19972652],0.13846123
2533,[0.1795018],0.14155465
2534,[0.17373657],0.1936762
2535,[0.1793805],0.14346227
2536,[0.16031866],0.19114923
2537,[0.17695136],0.15268272
2538,[0.1574126],0.16363996
2539,[0.16315258],0.10080293
2540,[0.14429455],0.099822536
2541,[0.1569918],0.09547302
2542,[0.11066262],0.10247874
2543,[0.12915643],0.1470856
2544,[0.12588109],0.11834571
2545,[0.12875289],0.07018404
2546,[0.10661813],0.095636845
2547,[0.11153678],0.07921381
2548,[0.11051099],0.08711554
2549,[0.11150288],0.08114292
2550,[0.1007389],0.10149996
2551,[0.11155181],0.092470184
2552,[0.10955706],0.06713547
2553,[0.11799694],0.08800693
2554,[0.0979133],0.094670355
2555,[0.11185332],0.097315
2556,[0.11195398],0.072644725
2557,[0.09901135],0.088415116
2558,[0.09224316],0.05944939
2559,[0.08734662],0.094577014
2560,[0.09285963],0.08724083
2561,[0.09539858],0.08793859
2562,[0.11838152],0.07295236
2563,[0.10161822],0.06666516
2564,[0.10202802],0.0854733
2565,[0.10261069],0.11824614
2566,[0.14204028],0.13064876
2567,[0.12534231],0.14015207
2568,[0.14942749],0.16043729
2569,[0.14971296],0.16923824
2570,[0.15566552],0.14974812
2571,[0.15552892],0.12799951
2572,[0.15298367],0.17451733
2573,[0.14988478],0.17308351
2574,[0.1735424],0.25901854
2575,[0.19414274],0.3712686
2576,[0.2775933],0.29600963
2577,[0.2742117],0.22541371
2578,[0.25652754],0.27331722
2579,[0.2521735],0.2653598
2580,[0.2507676],0.2646561
2581,[0.26863068],0.23319176
2582,[0.23414403],0.28138188
2583,[0.26299754],0.22568852
2584,[0.2253492],0.21343192
2585,[0.19858529],0.22515583
2586,[0.20292163],0.2013571
2587,[0.17137885],0.21262169
2588,[0.19293863],0.1955638
2589,[0.1941144],0.19599944
2590,[0.2077092],0.21872419
2591,[0.20140599],0.22310704
2592,[0.2101551],0.1806182
2593,[0.19464254],0.19421017
2594,[0.18868935],0.19073191
2595,[0.1927862],0.21717232
2596,[0.2033311],0.1586219
2597,[0.19206905],0.16983408
2598,[0.1888066],0.23650783
2599,[0.20172821],0.2662096
2600,[0.21722238],0.15810886
2601,[0.19531299],0.24525496
2602,[0.22294147],0.18062544
2603,[0.20884301],0.15025362
2604,[0.19062535],0.14344043
2605,[0.16443448],0.1852051
2606,[0.18790567],0.16707462
2607,[0.16648227],0.17475608
2608,[0.16081825],0.24361408
2609,[0.21336302],0.24260598
2610,[0.21647418],0.22810781
2611,[0.21791941],0.22278947
2612,[0.22390993],0.33618248
2613,[0.2934552],0.29245138
2614,[0.29789594],0.22554198
2615,[0.25321147],0.24438617
2616,[0.24131323],0.27778745
2617,[0.25960824],0.32129917
2618,[0.28092873],0.27361888
2619,[0.28223088],0.29521745
2620,[0.28337893],0.31059286
2621,[0.28698853],0.2861468
2622,[0.28669006],0.26320612
2623,[0.2936509],0.26828247
2624,[0.27083737],0.26534203
2625,[0.29654548],0.21523204
2626,[0.2407571],0.24492696
2627,[0.24015908],0.22841167
2628,[0.22767247],0.23986351
2629,[0.2277204],0.24304199
2630,[0.22870095],0.24440557
2631,[0.24286996],0.2422592
2632,[0.23722908],0.23773816
2633,[0.22549614],0.22614217
2634,[0.24332915],0.25686386
2635,[0.24598719],0.3107028
2636,[0.23877509],0.3251838
2637,[0.2860911],0.3450376
2638,[0.32178244],0.32717502
2639,[0.3005692],0.3210002
2640,[0.33277184],0.3173544
2641,[0.31008872],0.30334786
2642,[0.33448702],0.31360075
2643,[0.2951144],0.28621972
2644,[0.29197273],0.29951835
2645,[0.29770598],0.32942522
2646,[0.30543235],0.31625295
2647,[0.30754295],0.3689867
2648,[0.34224036],0.35160914
2649,[0.33089033],0.34680387
2650,[0.37305996],0.42092732
2651,[0.3620832],0.33886823
2652,[0.37128708],0.33919236
2653,[0.3421082],0.35073763
2654,[0.33521965],0.35126063
2655,[0.34559277],0.35606495
2656,[0.33705932],0.34104428
2657,[0.34538305],0.35291237
2658,[0.35031676],0.32745656
2659,[0.33359155],0.365131
2660,[0.3524281],0.42211834
2661,[0.39063534],0.39121756
2662,[0.36872014],0.3088545
2663,[0.36636436],0.27430168
2664,[0.3152364],0.35757086
2665,[0.337729],0.28646344
2666,[0.31211898],0.30765486
2667,[0.29921132],0.2923897
2668,[0.28604957],0.2409851
2669,[0.25568292],0.22706822
2670,[0.2496911],0.22075072
2671,[0.21105133],0.24902365
2672,[0.2138461],0.22230196
2673,[0.22902083],0.22829372
2674,[0.21721084],0.20505157
2675,[0.20655552],0.20494965
2676,[0.19634828],0.18564916
2677,[0.19897248],0.21846363
2678,[0.20846578],0.19489992
2679,[0.17946123],0.19437367
2680,[0.20290679],0.21277365
2681,[0.19196458],0.15983981
2682,[0.19738244],0.15098837
2683,[0.16719443],0.10870302
2684,[0.15280011],0.09841184
2685,[0.12195824],0.09786411
2686,[0.12552603],0.064152494
2687,[0.09730501],0.09990829
2688,[0.10873159],0.08689068
2689,[0.10442831],0.0941395
2690,[0.12050444],0.07952814
2691,[0.11360469],0.06892635
2692,[0.09446726],0.05762519
2693,[0.09432738],0.06987047
2694,[0.09200009],0.050677776
2695,[0.07714707],0.050874636
2696,[0.08385777],0.05701904
2697,[0.06680663],0.028005466
2698,[0.0640509],0.08173579
2699,[0.08216314],0.048493743
2700,[0.0863729],0.053541034
2701,[0.07488449],0.010975033
2702,[0.06666429],0.030103713
2703,[0.08218758],0.028687686
2704,[0.0567105],0.0
2705,[0.06256806],0.043096587
2706,[0.060842],0.030511633
2707,[0.05937038],0.053759664
2708,[0.06635644],0.044090167
2709,[0.07481541],0.066228166
2710,[0.09418575],0.06504902
2711,[0.1140368],0.0651001
2712,[0.09100355],0.08466767
2713,[0.08379138],0.10498355
2714,[0.08821718],0.10335748
2715,[0.10013917],0.13875481
2716,[0.14003167],0.11374363
2717,[0.1179728],0.14939588
2718,[0.14152347],0.11359522
2719,[0.13302349],0.22374973
2720,[0.16855706],0.19972676
2721,[0.1898105],0.21923727
2722,[0.16744244],0.24268219
2723,[0.19943355],0.3011258
2724,[0.24385205],0.25188646
2725,[0.2435349],0.22792125
2726,[0.21848747],0.29094946
2727,[0.2509657],0.25272375
2728,[0.2386652],0.23918316
2729,[0.22826688],0.21641028
2730,[0.21911323],0.17303866
2731,[0.18191689],0.20745769
2732,[0.18239017],0.24088803
2733,[0.19603296],0.23538762
2734,[0.20517735],0.24327081
2735,[0.2138137],0.2014125
2736,[0.23281723],0.15973678
2737,[0.22652622],0.1908091
2738,[0.22077176],0.20673409
2739,[0.20187713],0.22490361
2740,[0.21706147],0.27249217
2741,[0.24944031],0.18961006
2742,[0.24513443],0.15376553
2743,[0.23073731],0.1394451
2744,[0.19763462],0.19149828
2745,[0.20804428],0.14865822
2746,[0.18274748],0.18144721
2747,[0.19474983],0.20445648
2748,[0.21075977],0.15087456
2749,[0.20339727],0.24825218
2750,[0.23236102],0.20267442
2751,[0.23420878],0.16840488
2752,[0.20722373],0.2979476
2753,[0.24636905],0.23504207
2754,[0.25356948],0.1847676
2755,[0.24207747],0.18926775
2756,[0.22544196],0.20899665
2757,[0.21345831],0.20794305
2758,[0.1949465],0.25062874
2759,[0.23124489],0.22833243
2760,[0.23627408],0.2616447
2761,[0.25091776],0.18989593
2762,[0.23506683],0.2357361
2763,[0.23515223],0.19210309
2764,[0.23235674],0.24348459
2765,[0.2301994],0.24188784
2766,[0.22474569],0.26584464
2767,[0.25092527],0.25018293
2768,[0.24970299],0.2913283
2769,[0.27875975],0.3038767
2770,[0.27425015],0.29930395
2771,[0.31548998],0.22931415
2772,[0.27688277],0.25097513
2773,[0.25581992],0.21695083
2774,[0.24992123],0.18637219
2775,[0.23933594],0.25698888
2776,[0.24410915],0.2832298
2777,[0.260164],0.33729017
2778,[0.30692878],0.3068619
2779,[0.28850958],0.33828372
2780,[0.3101083],0.2829033
2781,[0.30117634],0.3101798
2782,[0.3267918],0.3590013
2783,[0.3288425],0.3666537
2784,[0.36429006],0.43998125
2785,[0.3859885],0.4138038
2786,[0.3910064],0.38160637
2787,[0.40787643],0.3465892
2788,[0.38822493],0.38712558
2789,[0.37144125],0.30008063
2790,[0.33275807],0.29492545
2791,[0.34647632],0.33291775
2792,[0.3351324],0.33643553
2793,[0.34015125],0.34523696
2794,[0.33395472],0.35089952
2795,[0.3321291],0.36258677
2796,[0.3724661],0.32642907
2797,[0.36622497],0.33945686
2798,[0.32584018],0.3122982
2799,[0.34472236],0.32766736
2800,[0.33774245],0.35072148
2801,[0.3490721],0.29730177
2802,[0.3179382],0.35879722
2803,[0.32812592],0.3601536
2804,[0.3429624],0.3502396
2805,[0.3507533],0.39734742
2806,[0.39359438],0.35275015
2807,[0.3871142],0.3209811
2808,[0.37902445],0.30175805
2809,[0.32658857],0.27518016
2810,[0.2999521],0.31637266
2811,[0.32047018],0.2734713
2812,[0.282582],0.34170386
2813,[0.32347974],0.24302095
2814,[0.27238458],0.30882242
2815,[0.29599464],0.30134255
2816,[0.29798582],0.28654462
2817,[0.27670294],0.24185425
2818,[0.27145573],0.19667792
2819,[0.24079598],0.2428247
