,t,y_pred,y_true
0,0,10.19339191,10.01806282
1,1,11.13161541,11.18703795
2,2,10.70265296,11.78877368
3,3,11.45020711,14.86186283
4,4,13.35785506,12.58448928
5,5,11.40123159,13.72229529
6,6,14.28870819,13.23295651
7,7,12.90277936,14.51547626
8,8,14.93391538,16.08884118
9,9,15.42591173,14.3488837
10,10,15.2820702,13.89832697
11,11,14.7130178,12.68621166
12,12,13.73383381,11.27875666
13,13,13.12916685,11.89566122
14,14,12.66600969,13.4267396
15,15,13.10931782,11.5084126
16,16,12.19888246,11.8970328
17,17,11.49402335,13.35280849
18,18,12.85437488,12.95340111
19,19,13.38190076,15.81994992
20,20,14.26567405,15.0519365
21,21,14.90880815,13.65186506
22,22,13.52928378,15.52779785
23,23,15.01240227,12.3406217
24,24,13.34913548,14.48817714
25,25,14.48594332,14.59446485
26,26,13.78513541,14.13655168
27,27,13.76849477,15.39867908
28,28,14.36763056,15.25675151
29,29,14.91251664,12.58419658
30,30,13.72683133,14.32153528
31,31,15.02523108,14.30849576
32,32,14.74266758,12.69809856
33,33,14.36121008,14.23081903
34,34,13.71565196,14.56846222
35,35,14.73989063,13.97323971
36,36,13.95100686,12.62001787
37,37,12.62030009,11.60278762
38,38,12.32370112,11.54132107
39,39,11.91883914,13.31245808
40,40,13.01502099,13.41280889
41,41,13.05596573,13.04610144
42,42,12.94171403,12.77645246
43,43,12.6177448,14.19704155
44,44,13.12750202,14.64844285
45,45,14.12917023,14.03371556
46,46,13.9340522,14.49193999
47,47,13.94737545,12.89501836
48,48,13.73177867,12.33113462
49,49,13.48806019,12.25317562
50,50,12.17778841,11.84910618
51,51,12.52882174,11.83135612
52,52,12.17700005,11.12989304
53,53,10.54968419,13.33176114
54,54,12.71278179,13.29613797
55,55,13.0099192,13.21041722
56,56,13.28752421,12.96151527
57,57,13.16414099,13.15157986
58,58,13.21463561,12.60596052
59,59,12.58514966,11.65091154
60,60,12.20709698,13.06630063
61,61,12.67533177,12.25573242
62,62,12.12171306,11.77063006
63,63,11.56147586,10.65466533
64,64,10.90307673,14.19366145
65,65,13.21601277,13.1998526
66,66,12.6967305,12.93844082
67,67,13.69520097,14.99462996
68,68,14.06797667,15.11447018
69,69,14.66909324,14.80023436
70,70,14.57559505,15.43509751
71,71,15.24130786,14.8662092
72,72,14.56124964,15.26404823
73,73,15.0700701,15.35865757
74,74,14.78562503,12.70988821
75,75,14.10064524,13.16011336
76,76,13.87803643,16.10744983
77,77,14.99344963,13.65181576
78,78,14.65284754,12.57304389
79,79,14.1687578,11.65452236
80,80,11.84849779,12.17795843
81,81,12.84483607,11.63401872
82,82,12.40504218,14.43302434
83,83,14.10152439,13.30841709
84,84,12.61288014,15.0901083
85,85,14.47288359,14.05201841
86,86,12.89608918,12.71570341
87,87,13.48218237,13.64843792
88,88,13.80628939,13.33085819
89,89,13.52080237,11.32955226
90,90,12.29390656,13.16616288
91,91,13.05000081,13.32165339
92,92,12.00514535,12.43474384
93,93,12.94522684,13.86035287
94,94,13.48151873,12.55732587
95,95,12.30298205,12.64499451
96,96,13.03962386,12.25173257
97,97,12.50906827,11.26650425
98,98,12.38884603,10.10650455
99,99,11.54421944,11.08071497
100,100,10.88467107,8.649810554
101,101,9.222653538,8.73050095
102,102,9.143748357,8.487256304
103,103,8.237296468,6.461942249
104,104,7.45529555,6.029285743
105,105,7.174068904,6.023432999
106,106,6.322627373,6.956839738
107,107,6.800289548,6.907723778
108,108,6.990671923,6.712384093
109,109,6.254693233,6.879137233
110,110,6.320234883,6.053097086
111,111,5.712167806,6.339690447
112,112,5.998507513,6.282811394
113,113,6.058722075,6.296021916
114,114,6.191003532,5.602663394
115,115,5.330204504,5.555835974
116,116,5.097585614,5.481035862
117,117,5.310240279,4.928293056
118,118,4.866967763,5.235294138
119,119,4.867635879,5.34382377
120,120,5.408951492,5.357497981
121,121,4.967309561,4.34439289
122,122,4.683230834,4.942175805
123,123,4.927892101,5.686560636
124,124,5.230238708,6.173524036
125,125,5.704407565,6.202319118
126,126,5.646540007,7.333268584
127,127,6.482644727,7.42819414
128,128,6.631932437,5.721292617
129,129,6.23419074,7.343906946
130,130,7.130997897,8.233570073
131,131,7.569372792,8.017482018
132,132,7.945472319,18.15318923
133,133,14.45248467,7.200132343
134,134,9.831225664,6.792535719
135,135,9.991469199,7.538094007
136,136,6.17035954,8.468673435
137,137,9.503585896,9.300540546
138,138,10.97822005,10.71596583
139,139,9.398784462,10.07937508
140,140,9.211352152,8.514103496
141,141,8.962571524,10.0721883
142,142,8.16036906,10.14271578
143,143,11.77971746,10.5906524
144,144,11.03721625,10.99234832
145,145,10.65584203,10.39954914
146,146,10.627964,10.18579759
147,147,10.36575183,11.04130504
148,148,10.94344032,12.21261668
149,149,10.93999055,11.16189257
150,150,11.47565945,12.4043442
151,151,10.86539662,14.03232046
152,152,11.56196947,14.44605892
153,153,14.79548291,13.00500239
154,154,13.68195359,13.99853256
155,155,14.70396706,12.96649901
156,156,13.30128697,13.0844922
157,157,13.58195105,16.437576
158,158,14.23825874,13.05723969
159,159,14.05749273,12.02085161
160,160,13.40667245,12.33164627
161,161,12.35028249,13.25558945
162,162,13.57323512,13.48774246
163,163,14.34070485,13.27552172
164,164,13.3015194,14.51154923
165,165,13.56888363,12.20457265
166,166,13.18602524,13.62921676
167,167,13.6269471,15.53005019
168,168,14.69301863,14.20854532
169,169,14.40432303,14.04272585
170,170,14.22850287,13.95346667
171,171,13.5219836,13.07337478
172,172,13.60183927,14.96295466
173,173,15.05670553,15.0379203
174,174,14.13373512,16.62679469
175,175,15.97830327,14.7304284
176,176,14.91356424,14.09186759
177,177,14.59607967,13.12965535
178,178,13.87676027,12.75352054
179,179,14.009037,14.01053074
180,180,14.44973295,12.13362809
181,181,13.01866413,11.94306361
182,182,12.40164456,11.83680168
183,183,11.46994038,13.04280776
184,184,12.47767477,12.61504815
185,185,12.90389699,13.58652851
186,186,13.30658141,12.55243939
187,187,12.56577712,12.39254146
188,188,12.59128963,15.24616336
189,189,14.03650434,14.03170661
190,190,14.09983107,12.91961187
191,191,13.40901296,12.92989782
192,192,12.49775169,13.68742851
193,193,12.90612058,12.72308831
194,194,13.49238241,12.73693218
195,195,13.16488484,13.42836633
196,196,12.66045051,11.51087079
197,197,12.60955543,14.05821315
198,198,13.41362871,15.20695022
199,199,14.13071273,12.55525628
200,200,13.42144703,13.24419202
201,201,13.26222149,13.30306692
202,202,12.75473301,13.10044454
203,203,13.82083128,13.35475504
204,204,13.99310849,13.85567627
205,205,12.66231395,12.98034782
206,206,12.92433945,12.27095146
207,207,13.05724772,14.59193023
208,208,13.747963,16.68885065
209,209,15.13906907,16.62271749
210,210,16.11786655,12.18848552
211,211,13.71851275,11.84033876
212,212,12.79240482,13.25894511
213,213,13.96569929,12.5770953
214,214,13.71379065,15.44019119
215,215,13.76642283,13.52422421
216,216,12.54112252,14.11335285
217,217,14.00233018,13.76292797
218,218,13.87758751,13.70391961
219,219,14.31862069,14.04147731
220,220,14.49412542,13.14656219
221,221,13.49081171,13.24898258
222,222,13.1788906,14.25918528
223,223,14.10232041,11.45242833
224,224,12.46354217,11.54783294
225,225,12.2235429,11.72583829
226,226,11.49365486,11.48745435
227,227,12.37776778,11.80890273
228,228,12.39996087,12.19476936
229,229,11.37718488,11.37285302
230,230,11.12507974,10.90544009
231,231,11.46248823,10.40569458
232,232,11.27295955,9.549574614
233,233,10.77199985,9.556797593
234,234,9.853189602,8.976338591
235,235,8.758383914,8.440380926
236,236,8.67048458,8.393921281
237,237,8.649308048,8.30217679
238,238,8.49674893,7.641064932
239,239,8.15117931,8.136207157
240,240,7.866688857,7.214063049
241,241,7.641355797,12.43121625
242,242,9.991732283,5.346454304
243,243,7.313431259,8.138753535
244,244,7.908195843,5.792663325
245,245,6.044173853,5.844142907
246,246,7.083956652,6.265206548
247,247,6.398897758,7.168080196
248,248,5.812596693,6.01554821
249,249,5.733197136,7.039756696
250,250,6.629846068,6.445377404
251,251,6.124293279,4.772227579
252,252,6.234690265,7.189639196
253,253,6.320697415,7.071389507
254,254,6.315126986,5.171511922
255,255,5.913312762,5.531241125
256,256,5.109605495,5.839357289
257,257,5.282667313,5.049479075
258,258,5.527156323,5.995434526
259,259,5.485946301,6.988644888
260,260,6.216616611,6.239804672
261,261,6.080241405,6.419106524
262,262,6.222457054,6.387949163
263,263,5.883427563,5.408327513
264,264,6.116049804,6.635317618
265,265,6.343139094,7.449654963
266,266,6.986971431,5.502495343
267,267,5.301453609,6.932048111
268,268,6.691278711,6.22723018
269,269,5.920912297,5.813524317
270,270,6.24455588,8.442692986
271,271,7.481956118,9.713939694
272,272,8.382924719,8.448395568
273,273,8.386100543,9.818243313
274,274,8.808982111,10.07927556
275,275,9.010360398,8.46520649
276,276,9.63976049,9.082111046
277,277,9.542262149,9.550908652
278,278,8.868660178,10.30242736
279,279,9.844967652,10.47077464
280,280,10.30152357,10.59635632
281,281,10.09783965,7.586682957
282,282,9.021554543,8.518900874
283,283,9.411092507,8.352281191
284,284,9.092782688,6.921958937
285,285,8.370554945,7.802382403
286,286,7.998021361,7.780076094
287,287,7.213875808,6.843387427
288,288,7.218721708,7.925626248
289,289,8.167057931,7.437376768
290,290,7.618025236,7.3994004
291,291,7.640985564,8.003302972
292,292,7.831357993,8.729777161
293,293,7.856833927,7.778507738
294,294,8.12884232,8.879953697
295,295,8.384641214,8.831205511
296,296,8.190994716,7.045534359
297,297,8.066050881,8.434822218
298,298,8.519963644,9.069808412
299,299,8.493000825,7.940890992
300,300,8.324291881,7.571686467
301,301,7.982705205,7.889618604
302,302,7.497466589,7.770807967
303,303,8.062415332,7.952521398
304,304,8.323560342,7.665938453
305,305,7.391212945,8.801199431
306,306,7.966597675,8.890874335
307,307,8.687497324,7.450303671
308,308,7.922526973,7.575751901
309,309,7.750791887,8.081752785
310,310,8.028331579,8.62485969
311,311,8.414500232,9.439660725
312,312,8.792903749,8.898109074
313,313,8.730518088,10.84885373
314,314,9.651098684,9.910820611
315,315,9.657166989,10.02504241
316,316,10.0783269,10.23442408
317,317,10.37437975,9.164268935
318,318,9.726294007,9.887558456
319,319,9.828094553,8.577481739
320,320,9.118582007,9.225800151
321,321,9.168096683,9.393434056
322,322,9.514887965,10.61230866
323,323,9.809928522,9.994300778
324,324,9.98666545,9.788978253
325,325,10.19177056,8.8809082
326,326,9.266663069,10.10458018
327,327,9.721830805,10.37990596
328,328,10.11635651,9.469178254
329,329,9.987610377,11.30775399
330,330,10.38385014,12.11072464
331,331,10.91375022,12.50000665
332,332,12.04149995,9.7218349
333,333,11.10967936,10.97552698
334,334,10.88271247,10.99079172
335,335,11.11001459,10.68854006
336,336,11.34847772,12.21967
337,337,11.4461574,10.0036906
338,338,10.61819857,11.63474025
339,339,10.95819808,10.47566793
340,340,10.8563231,11.78271374
341,341,11.45836343,12.18199809
342,342,12.09250168,12.20193036
343,343,11.87372739,13.01739186
344,344,11.68321383,12.46924284
345,345,12.68917949,14.35340241
346,346,13.53388921,13.92030305
347,347,13.90263478,13.08723536
348,348,13.34574633,14.49000065
349,349,14.01921477,14.35477265
350,350,14.55736006,14.93851357
351,351,14.75333145,16.25695413
352,352,15.18213195,14.13289156
353,353,14.53097989,16.19620416
354,354,15.8831982,16.88869368
355,355,16.44788588,14.02015128
356,356,15.47945123,14.12361168
357,357,14.80268081,14.35523634
358,358,14.40133974,13.28486358
359,359,14.42561858,12.65554377
360,360,14.14224941,14.6605356
361,361,13.65304904,12.51953226
362,362,13.08684289,13.13989881
363,363,13.69709707,19.29251885
364,364,15.40762737,14.66775858
365,365,15.77651708,19.34659503
366,366,17.67747033,11.71855065
367,367,14.38119595,11.95042139
368,368,13.71003563,11.25955994
369,369,13.49353414,10.51674347
370,370,12.96587581,11.36800408
371,371,11.07620354,10.53739592
372,372,11.47334372,12.06297757
373,373,11.18430041,9.993333173
374,374,11.70088672,9.578134035
375,375,10.45327639,8.637492557
376,376,8.77680555,8.948878889
377,377,9.138526133,8.48319087
378,378,8.532808041,8.694910381
379,379,8.34114752,8.290081352
380,380,7.406114433,7.874636136
381,381,7.976580938,7.950845367
382,382,8.269193114,8.287840769
383,383,8.545182387,7.598227864
384,384,8.30811475,8.0892205
385,385,7.629616905,9.264719262
386,386,7.068894276,8.335916728
387,387,8.384553063,7.52476179
388,388,8.054580514,7.585092424
389,389,6.785069179,6.904624607
390,390,7.496412011,5.897702493
391,391,6.303165733,7.837615615
392,392,7.090967915,9.301007868
393,393,7.672575992,8.814355734
394,394,8.441521361,9.104252252
395,395,8.129161853,6.502973039
396,396,7.040459075,5.489893728
397,397,6.827560403,5.613665927
398,398,6.239404567,5.7998827
399,399,6.071010889,6.133597518
400,400,6.187489144,5.272151819
401,401,5.734838729,6.729410366
402,402,5.501898509,6.575792667
403,403,6.394420926,6.068885237
404,404,6.509679171,5.291704555
405,405,5.526695651,5.401787179
406,406,5.41672326,5.658300722
407,407,5.586822905,5.544766516
408,408,5.471656004,5.966379345
409,409,5.164252064,5.203449186
410,410,5.208221126,5.47962314
411,411,5.489905343,7.630582203
412,412,6.685903058,6.933318827
413,413,7.221045604,7.099447698
414,414,6.586297587,7.791850373
415,415,6.218809637,8.290115288
416,416,7.40934589,9.114906897
417,417,8.485614664,10.26859151
418,418,8.966868268,10.21940046
419,419,9.090845275,10.06294369
420,420,9.839697973,10.03277838
421,421,10.16406551,8.509324691
422,422,9.424476614,8.956344342
423,423,9.378354503,9.111871048
424,424,9.247378027,10.05969931
425,425,9.934293607,8.383647089
426,426,9.424897066,7.955141515
427,427,8.225074621,8.422738539
428,428,8.020278262,8.335890947
429,429,8.736029962,8.98832275
430,430,8.79879587,10.58467796
431,431,9.573486161,9.062488175
432,432,9.357011683,9.411455976
433,433,9.376432568,9.565574907
434,434,9.177603589,13.26612056
435,435,11.75414788,9.603135542
436,436,11.31085546,8.668895996
437,437,9.479135926,7.89787251
438,438,8.308982826,7.589607526
439,439,9.18105522,8.941228418
440,440,9.075723944,7.620850386
441,441,8.393024072,8.565728294
442,442,7.92625472,9.448343042
443,443,9.259976368,8.598454011
444,444,8.84564653,7.607005178
445,445,7.727982375,8.367587079
446,446,7.90642141,8.39696889
447,447,8.031723656,10.17266215
448,448,9.6155738,10.03397896
449,449,9.733592212,12.3771048
450,450,10.32784193,11.57922236
451,451,11.17450231,9.018807884
452,452,9.996801366,10.17578349
453,453,10.03230847,10.49978867
454,454,11.0028412,12.62002963
455,455,11.48106583,10.00244206
456,456,10.73452129,11.28703275
457,457,10.71019859,10.01049785
458,458,10.77795353,9.344477332
459,459,10.11440683,9.98826662
460,460,9.375079183,9.89277517
461,461,10.50352701,9.424531699
462,462,9.849012654,10.8581463
463,463,10.18348763,10.04339456
464,464,9.943065762,9.176352614
465,465,9.728942558,11.10547855
466,466,10.10733371,10.60694673
467,467,10.62091821,9.920689488
468,468,10.78866816,9.83946032
469,469,10.29734263,10.50343703
470,470,9.583113192,9.521783336
471,471,10.10406162,9.237772551
472,472,9.871694546,10.09231374
473,473,9.810530671,11.07230317
474,474,10.9480553,12.33988841
475,475,11.19778269,13.97250642
476,476,12.33835817,10.86139068
477,477,11.80705209,12.30254808
478,478,11.6053677,12.51364332
479,479,11.81599588,11.87210637
480,480,12.52000434,11.54993781
481,481,12.130893,10.70174924
482,482,11.03255404,10.41231681
483,483,10.6890533,11.72483089
484,484,11.95426469,12.1630954
485,485,11.8231847,12.11239933
486,486,12.16330591,12.0310005
487,487,12.26176011,12.04577804
488,488,11.73085281,13.25523704
489,489,12.44852559,12.52397723
490,490,12.69476403,16.34430296
491,491,13.82431268,12.26323767
492,492,13.90913323,13.2955499
493,493,13.29524751,13.451899
494,494,13.04735764,13.13528553
495,495,13.59238658,13.17204956
496,496,13.30847763,15.24148676
497,497,14.51397893,14.08559911
498,498,14.63601175,13.73252834
499,499,14.32471505,15.37873011
500,500,13.64403053,14.42268001
501,501,14.53576761,14.04682748
502,502,15.07626177,18.88548677
503,503,16.14286659,14.40874931
504,504,15.90649524,12.69284791
505,505,14.85951708,12.56768196
506,506,11.92649441,12.47950167
507,507,12.7770815,11.54425832
508,508,14.06356682,17.69006792
509,509,14.98520563,14.34150149
510,510,14.64461594,18.75998875
511,511,16.97916525,14.30729652
512,512,15.38970399,10.80759904
513,513,11.71687665,12.07364306
514,514,13.14659743,10.93599762
515,515,12.68342125,9.81803838
516,516,11.05560728,10.69552057
517,517,12.09079326,9.474223971
518,518,9.789311471,8.723362127
519,519,9.134610548,9.469902043
520,520,10.03368016,10.09367356
521,521,9.57582908,9.404551472
522,522,11.24430079,10.66489156
523,523,9.42561163,8.94354821
524,524,7.940659001,12.01557426
525,525,10.66649965,8.084958289
526,526,10.18892486,8.526465847
527,527,7.728267997,6.990357117
528,528,8.643545256,8.120853311
529,529,7.98867702,8.045647884
530,530,8.753831573,7.827158666
531,531,7.89950563,7.741964927
532,532,7.788067684,8.51739584
533,533,8.605201459,7.808709254
534,534,7.654028647,7.965768117
535,535,7.913624076,7.523684247
536,536,7.56426291,7.25899188
537,537,6.811434483,6.875670289
538,538,7.212711471,6.081411771
539,539,6.280242023,6.060684235
540,540,6.370752666,5.804464728
541,541,5.688094999,5.332865591
542,542,6.154036051,5.677266728
543,543,5.557987632,5.264185135
544,544,6.128129869,5.074783693
545,545,4.647999516,5.454578621
546,546,5.373391184,5.233934319
547,547,5.219993742,4.755319398
548,548,5.087802449,5.300006418
549,549,4.742749696,5.729002806
550,550,5.08120895,5.273745955
551,551,5.517026357,5.898424021
552,552,5.461521482,5.53441043
553,553,5.321582043,6.536044353
554,554,6.156542219,6.993601504
555,555,6.528128901,7.006052957
556,556,6.70101343,7.048912201
557,557,6.87384537,8.013390803
558,558,7.211069168,7.881797137
559,559,7.590967648,8.466198534
560,560,8.138363645,8.601293082
561,561,8.258456071,9.226019106
562,562,8.762905402,9.745181211
563,563,9.381682366,10.61571228
564,564,10.04722986,8.759829857
565,565,9.516577927,9.136322024
566,566,8.973708217,8.546606654
567,567,8.794973732,7.770903883
568,568,8.641966902,9.234454426
569,569,9.069717074,8.89532972
570,570,9.050468347,8.67944886
571,571,9.142467636,9.484836553
572,572,8.985429344,9.136908753
573,573,9.171268102,8.64459384
574,574,9.011475724,10.08304696
575,575,9.388525263,8.660130442
576,576,9.052691477,7.806004981
577,577,8.682999328,8.236238148
578,578,7.77436719,8.704496982
579,579,8.404251289,7.416061161
580,580,8.457186146,9.053343087
581,581,8.498898741,8.483912398
582,582,8.523815282,7.989553679
583,583,8.799252593,8.236101087
584,584,7.809884947,11.51715463
585,585,9.564735526,12.15281305
586,586,11.98430269,8.421734736
587,587,9.800788552,7.466389462
588,588,7.278067674,9.016370523
589,589,8.26464967,6.781919533
590,590,8.579025522,8.475210166
591,591,8.24347459,7.972342388
592,592,8.26312191,7.775583168
593,593,8.558015797,8.663166291
594,594,8.46380039,8.808151894
595,595,7.942012323,9.153678531
596,596,9.381026101,8.914829552
597,597,9.030885953,9.056011162
598,598,8.348998968,9.386551728
599,599,9.110568346,10.34412717
600,600,9.923884926,10.30770379
601,601,9.004543175,11.3884118
602,602,10.48076792,10.62125697
603,603,10.97647816,9.385831542
604,604,10.27207091,8.758656399
605,605,9.112189983,9.851971491
606,606,9.690102339,10.98578715
607,607,10.99574377,9.844907749
608,608,10.69094285,10.8256549
609,609,10.12577549,10.65487387
610,610,10.5950006,10.52193574
611,611,10.3914347,9.966230828
612,612,10.14288806,9.543978366
613,613,9.939463541,10.21746794
614,614,9.976630936,12.15427013
615,615,11.39534293,11.22991122
616,616,11.22531067,11.40331237
617,617,11.12478632,12.10844651
618,618,11.19528387,11.58818469
619,619,11.62461295,10.63175011
620,620,11.36489311,10.22951542
621,621,10.62418521,12.1152913
622,622,11.39753115,11.41786735
623,623,11.89910921,12.07013991
624,624,11.81421592,11.83294479
625,625,11.5219487,12.44124303
626,626,12.24578399,14.20785091
627,627,13.09158671,12.3362776
628,628,12.97685952,15.55438855
629,629,14.04794509,12.79303948
630,630,13.58914866,12.70261727
631,631,12.67163163,14.10521157
632,632,13.15551968,12.701993
633,633,13.43355721,13.52761741
634,634,13.6142012,15.66181486
635,635,14.42858001,15.95097903
636,636,15.54579259,13.35705534
637,637,14.98084958,13.6546304
638,638,13.30858913,13.04480134
639,639,13.2603004,12.74961569
640,640,13.71428995,14.06088122
641,641,13.92331642,16.63608725
642,642,15.27679335,12.99515929
643,643,14.5129655,16.35976448
644,644,14.62416241,13.59490051
645,645,13.41144148,15.31181613
646,646,15.51261261,15.01577322
647,647,14.91217575,16.33097074
648,648,15.8599256,16.6381686
649,649,16.31419154,17.50052084
650,650,16.56636016,18.91457455
651,651,17.67367205,15.23925526
652,652,16.37344285,16.02601212
653,653,16.22919628,18.1615834
654,654,16.81080509,14.20741166
655,655,16.78657566,15.07690139
656,656,16.05604705,12.23437245
657,657,13.33385479,12.65718587
658,658,13.22134364,11.83134249
659,659,13.53938532,10.98893294
660,660,11.52264333,10.15155508
661,661,11.58331243,10.67354584
662,662,10.45469694,10.29354237
663,663,10.85297936,10.9048285
664,664,10.22903405,10.3182978
665,665,11.282547,10.66547829
666,666,9.975978129,9.704232316
667,667,9.908234632,9.698944124
668,668,9.939325113,9.329371825
669,669,9.25847027,8.966825728
670,670,9.414609394,9.467442505
671,671,9.276533834,7.989237467
672,672,8.687414293,9.276681245
673,673,9.406282759,8.043496403
674,674,8.162703009,7.771420477
675,675,8.669287664,7.123726335
676,676,6.999978659,6.89920296
677,677,7.500246011,7.046600141
678,678,7.181579495,6.508487393
679,679,6.530613566,6.920640264
680,680,6.698399058,6.117589069
681,681,6.201391897,6.552828152
682,682,6.322607501,7.814331283
683,683,7.04242445,6.325893197
684,684,6.749707494,6.439464943
685,685,6.560101916,5.819562079
686,686,5.764578579,5.824347698
687,687,5.883102092,5.825719276
688,688,6.000108361,5.476713934
689,689,5.423144848,5.480704286
690,690,5.577274336,5.357497981
691,691,5.140537243,5.61674292
692,692,5.568613197,5.213808876
693,693,5.161915487,5.894741725
694,694,5.822900435,5.650029585
695,695,5.477695575,5.777557818
696,696,5.604431988,6.23514075
697,697,6.060661445,7.547350375
698,698,6.484862233,7.445725247
699,699,7.167290042,7.681244342
700,700,7.16675884,8.403408362
701,701,7.738880579,7.96979601
702,702,8.030027875,9.103131275
703,703,8.492099309,8.532846944
704,704,8.606896597,7.909550874
705,705,8.130527785,8.701178857
706,706,8.555009288,9.373565107
707,707,8.984219066,9.826287339
708,708,9.567582519,9.507986086
709,709,9.728793078,9.595628945
710,710,9.306932553,9.573151639
711,711,9.655193425,9.902763482
712,712,9.876875503,9.002193739
713,713,9.480979919,8.023329815
714,714,8.680076428,9.154280624
715,715,8.874925994,7.648214172
716,716,8.176191725,8.924614273
717,717,8.782049469,8.90065411
718,718,8.842316808,9.328967853
719,719,9.056681599,9.265894063
720,720,9.336867225,10.23267297
721,721,9.592969469,9.026629351
722,722,9.728571167,9.339483176
723,723,9.297779422,8.779137857
724,724,8.838633162,9.494925727
725,725,9.105785051,8.720743353
726,726,9.269288668,8.684933829
727,727,8.787693382,8.461903729
728,728,8.570022033,8.157752136
729,729,8.353033003,8.736056054
730,730,8.788467441,8.587533373
731,731,8.779264852,9.060466547
732,732,9.187007531,8.08370975
733,733,8.207102638,7.777823751
734,734,8.015422044,7.686948265
735,735,7.473553062,8.606030743
736,736,8.39511211,9.302633651
737,737,8.714319121,8.305922407
738,738,8.753134856,9.819016402
739,739,8.947699451,9.380628849
740,740,9.154454256,9.56234228
741,741,9.598709106,9.330312308
742,742,9.513496904,9.89523605
743,743,9.456288186,8.229025586
744,744,9.248299964,9.225223839
745,745,8.937225158,9.204106352
746,746,8.940193073,9.814044423
747,747,9.709326592,10.2748704
748,748,10.13981694,10.71487427
749,749,10.28319466,9.540024211
750,750,10.07315319,11.33824408
751,751,10.56470106,10.67775514
752,752,10.63975318,10.2390749
753,753,10.63384096,11.0966637
754,754,10.70171771,10.04231207
755,755,10.03924659,11.38029629
756,756,11.31503287,13.97809906
757,757,12.39250764,13.18603183
758,758,13.39460334,11.18594865
759,759,12.13033709,11.9127273
760,760,11.68577516,11.82955518
761,761,11.4162701,11.83299274
762,762,12.83964325,11.81180018
763,763,11.88203029,12.94431934
764,764,12.38551195,11.23373192
765,765,11.95773768,11.9942505
766,766,11.77912119,11.56304973
767,767,11.48119973,11.69780228
768,768,12.14728368,12.01033629
769,769,12.06999968,11.95513327
770,770,11.82667288,11.44750565
771,771,11.75156369,13.01202993
772,772,12.15086363,13.34831556
773,773,12.68843114,12.47963513
774,774,12.76879123,13.45224099
775,775,13.22194918,13.06889722
776,776,12.69739109,13.29711826
777,777,13.95716842,14.95249224
778,778,14.25262721,15.2105004
779,779,14.36192795,14.95336124
780,780,14.98267223,14.48548194
781,781,14.79291059,15.86306432
782,782,14.91926005,13.20861681
783,783,14.70542455,14.35998576
784,784,14.23356496,13.70106652
785,785,14.11100684,13.13734336
786,786,13.63054937,15.74927362
787,787,15.01159596,15.20903156
788,788,14.91737165,14.85927891
789,789,15.41919662,15.6037117
790,790,14.94999669,15.8560639
791,791,15.49571445,14.26152312
792,792,15.40755979,13.98134345
793,793,14.69567887,13.20129657
794,794,13.00383111,14.80873166
795,795,14.36122059,13.56380513
796,796,14.25282702,14.53909443
797,797,13.74733541,13.56280267
798,798,14.17936822,12.4945357
799,799,13.10342729,12.38001987
800,800,12.09238679,11.11845702
801,801,11.9139237,11.39720313
802,802,11.3139802,10.79554114
803,803,11.47485862,10.25771067
804,804,10.49584799,11.25682173
805,805,10.71084057,10.73848068
806,806,11.05185061,9.280965633
807,807,9.630045133,9.227479786
808,808,9.270790549,8.576626756
809,809,8.520947319,8.681715224
810,810,8.447527545,9.01909016
811,811,9.351292534,10.2786092
812,812,9.368241089,7.349807648
813,813,8.205719683,9.083987458
814,814,8.814372296,8.552815413
815,815,8.020370871,7.278459117
816,816,8.054133385,8.173767792
817,817,7.892368126,8.413106242
818,818,7.890695656,7.65377288
819,819,8.189110501,8.72882492
820,820,8.480311892,7.298892618
821,821,7.535561281,6.544125919
822,822,6.825646343,6.482045515
823,823,6.725632639,6.175092392
824,824,5.829564236,5.648658007
825,825,6.221011589,5.49436808
826,826,5.998300988,5.215830504
827,827,4.618456967,5.492495272
828,828,5.533791912,6.675389352
829,829,5.871203123,6.913196987
830,830,6.105755712,6.273570391
831,831,6.826080391,5.460409188
832,832,5.510388798,5.862814879
833,833,5.671044404,5.225305826
834,834,5.601802378,5.690956303
835,835,5.716997616,5.844450964
836,836,5.663347468,5.676534784
837,837,5.537330601,6.22150408
838,838,6.060505142,5.839345529
839,839,5.675489892,5.646737241
840,840,5.441014906,5.994211768
841,841,5.805625916,6.248313731
842,842,5.876044585,6.034929949
843,843,6.243791604,6.41211652
844,844,6.562511954,8.306828953
845,845,7.325234175,6.200237772
846,846,6.843029806,6.483097277
847,847,6.637549903,9.325222236
848,848,7.680500621,9.1772967
849,849,8.950191576,9.160757637
850,850,9.529508754,10.88451804
851,851,9.807668063,9.71657249
852,852,9.791179715,10.10735953
853,853,10.62814873,10.26786998
854,854,10.47920925,10.41629674
855,855,10.1079951,10.05258761
856,856,10.85972056,10.70085806
857,857,10.66633606,10.05469473
858,858,10.07588386,10.07725754
859,859,10.61604483,9.451096615
860,860,9.359335806,8.871677614
861,861,9.123534095,8.43053783
862,862,9.300143389,8.703627977
863,863,8.425693219,8.272635742
864,864,8.702471181,9.433223514
865,865,9.364599271,11.01201007
866,866,9.829439386,8.72740178
867,867,9.389792659,8.925202344
868,868,9.420157438,8.427806434
869,869,8.468643005,9.909597852
870,870,9.126279194,9.953107147
871,871,10.20258437,10.65540222
872,872,10.52710824,9.57208946
873,873,9.88030667,9.424127727
874,874,9.71760778,9.334073288
875,875,8.979955341,8.118687809
876,876,8.408203248,11.01728651
877,877,10.05517748,11.46218727
878,878,10.86221268,9.338405634
879,879,10.22411944,9.609415778
880,880,9.707104467,9.593879175
881,881,8.935418316,9.835054236
882,882,10.00296325,9.233231667
883,883,10.04615344,9.498560064
884,884,9.554606303,11.3628249
885,885,10.75912091,12.20261434
886,886,11.74086981,12.84544779
887,887,11.4569018,12.22957282
888,888,12.14660098,11.99924465
889,889,12.56262089,10.21991706
890,890,10.867418,11.09290272
891,891,11.94229303,11.53090032
892,892,11.60227684,10.06036112
893,893,10.67690701,9.510948196
894,894,10.15103806,10.18901485
895,895,9.571802591,8.678711969
896,896,9.15583122,9.700471335
897,897,9.207417062,10.65056235
898,898,9.830479693,11.17224866
899,899,10.59099244,10.79357923
900,900,11.0349517,11.81911
901,901,11.46444773,11.17643579
902,902,11.33282189,11.42471213
903,903,11.91714653,13.80548276
904,904,12.82171805,12.83944983
905,905,13.45225533,13.09603845
906,906,13.80632971,12.5786157
907,907,12.10294789,13.60531992
908,908,12.6983087,13.06147612
909,909,13.29841669,11.28461983
910,910,11.6415304,13.12750026
911,911,12.34298986,13.94285409
912,912,13.91724132,12.32028772
913,913,13.06402395,12.41531414
914,914,12.2900673,12.67983551
915,915,12.51635601,12.41241175
916,916,12.2819107,15.14988975
917,917,14.727611,12.7557869
918,918,13.75751584,12.3385286
919,919,12.94578376,12.42056345
920,920,12.81397248,13.02178753
921,921,12.26898473,12.71792997
922,922,13.11717859,12.91189808
923,923,13.04788675,13.95720053
924,924,13.12112597,15.8928175
925,925,15.2437034,15.54772878
926,926,15.09973378,16.61182264
927,927,15.60946903,15.10771449
928,928,16.25248696,14.59903151
929,929,14.94398268,12.99536783
930,930,13.63084625,12.33940936
931,931,13.53147401,15.42756874
932,932,14.40051254,20.67346465
933,933,18.75669621,11.45095723
934,934,14.11142922,13.65780196
935,935,14.53271308,13.37972808
936,936,12.90476582,13.27813007
937,937,13.81899169,15.09679385
938,938,14.2722793,15.16718788
939,939,13.59175817,13.09766518
940,940,15.30504058,13.73732932
941,941,14.0185563,14.78420013
942,942,14.06154569,12.66682177
943,943,13.53260849,13.90848989
944,944,14.2213543,15.47832814
945,945,13.92012755,13.02270583
946,946,13.77171632,12.77224181
947,947,14.6438596,12.63951088
948,948,12.45060782,12.26408584
949,949,12.20039898,13.0343516
950,950,12.76488667,12.76355
951,951,11.81696392,11.83811354
952,952,13.83893369,10.52065327
953,953,12.69060175,9.034418225
954,954,8.190258846,9.303565977
955,955,9.535266385,9.417702275
956,956,10.79069991,8.325230408
957,957,9.097620807,8.205523642
958,958,8.199802993,8.951097294
959,959,8.284216892,7.575483646
960,960,7.475114139,8.270053166
961,961,8.267284321,7.936290391
962,962,7.656327528,7.485808742
963,963,7.433558735,7.705620237
964,964,7.999250843,7.149682345
965,965,7.192855632,6.872393308
966,966,7.06455387,7.653430887
967,967,7.377865015,7.008895632
968,968,6.808559457,6.78351367
969,969,6.835446794,6.778322736
970,970,6.694719635,7.235734671
971,971,6.704644359,6.731324319
972,972,6.603469124,6.236794604
973,973,6.112837335,5.917501307
974,974,5.857581691,5.311529149
975,975,5.750034693,5.381175868
976,976,5.630195196,5.674331741
977,977,5.350223348,5.586454564
978,978,5.544777262,6.683504856
979,979,6.048540605,6.973710378
980,980,6.083132637,6.964149558
981,981,6.598132403,7.780384151
982,982,7.262797649,16.10891601
983,983,12.44286328,6.746062052
984,984,9.179217175,8.436364793
985,985,9.723675801,7.820084507
986,986,8.145710939,5.717227184
987,987,7.669204735,5.935557164
988,988,8.44450571,7.226943337
989,989,5.666029269,6.55066265
990,990,6.976319689,5.630257895
991,991,6.442596465,7.413933199
992,992,5.692222537,6.319342445
993,993,6.140859449,7.430275486
994,994,7.987421087,9.076444662
995,995,7.466917854,8.045882202
996,996,7.62085125,8.069192314
997,997,9.001171144,8.712174577
998,998,8.727584666,8.588477459
999,999,8.352909094,9.311681481
1000,1000,9.280392942,9.978523044
1001,1001,8.933310155,10.46906241
1002,1002,9.777069446,11.63622311
1003,1003,11.08166137,11.90623986
1004,1004,10.34858116,10.98325253
1005,1005,10.5367836,11.99836389
1006,1006,11.93620165,13.54871273
1007,1007,11.84806831,12.73415416
1008,1008,12.93912205,13.68116138
1009,1009,13.76363724,14.86500996
1010,1010,13.87389201,13.26424867
1011,1011,13.80566864,12.94866345
1012,1012,13.94017085,13.74862949
1013,1013,13.47241215,12.9571725
1014,1014,13.63212056,12.92517192
1015,1015,13.91203717,14.45114352
1016,1016,13.44938817,13.37236122
1017,1017,13.53012742,13.12806121
1018,1018,14.08723655,11.00844587
1019,1019,11.95330069,10.32946091
1020,1020,11.21049253,11.31763958
1021,1021,11.80722889,10.75156455
1022,1022,11.03494062,10.47177844
1023,1023,10.88151939,10.63254538
1024,1024,10.44596441,10.20310614
1025,1025,9.890213346,10.29422636
1026,1026,10.49089276,11.25840866
1027,1027,10.95404779,12.32540492
1028,1028,11.48937357,10.71408942
1029,1029,11.31975596,12.33005708
1030,1030,11.78588426,14.13396776
1031,1031,12.54804635,12.15960628
1032,1032,12.83981882,11.76787155
1033,1033,12.68136131,17.34325344
1034,1034,14.30182849,14.37717487
1035,1035,14.3415553,13.39361217
1036,1036,15.1760998,12.38606578
1037,1037,12.68298773,16.09523135
1038,1038,14.17424599,11.91930157
1039,1039,13.6481568,12.26235825
1040,1040,13.03392014,12.01727699
1041,1041,12.21515235,10.42674875
1042,1042,10.93282155,13.28727516
1043,1043,12.36418392,10.81600858
1044,1044,10.96980422,12.37716677
1045,1045,12.25377065,11.62472616
1046,1046,11.94633941,11.61295054
1047,1047,11.38960562,10.22284163
1048,1048,11.17872421,10.00306633
1049,1049,10.87834533,11.09753405
1050,1050,10.88075374,11.116021
1051,1051,11.36039983,12.87305631
1052,1052,11.1531942,10.56239743
1053,1053,11.32906469,13.19178505
1054,1054,13.02009929,12.80399766
1055,1055,12.23550614,12.58214102
1056,1056,11.96112174,10.74466005
1057,1057,12.53131648,10.16939198
1058,1058,11.25813242,12.89649988
1059,1059,11.11594675,12.3661231
1060,1060,11.92659565,13.2919531
1061,1061,12.75771778,14.8278171
1062,1062,13.81254542,12.95064753
1063,1063,13.10362213,11.83416755
1064,1064,12.55819674,12.60740944
1065,1065,12.51779685,13.40831596
1066,1066,13.24537146,16.86139548
1067,1067,15.3818358,14.40561259
1068,1068,14.10083786,11.74842328
1069,1069,12.97207522,13.90970088
1070,1070,13.7340127,13.46494894
1071,1071,13.51951999,10.64107662
1072,1072,12.78068992,13.02560823
1073,1073,13.03914228,13.48430129
1074,1074,12.24454588,13.49393719
1075,1075,13.43601786,14.42784516
1076,1076,13.26551668,13.70640267
1077,1077,13.32560238,13.67651963
1078,1078,14.23128385,13.11994571
1079,1079,13.55953013,12.20465681
1080,1080,12.60387364,11.500906
1081,1081,12.85959715,12.45562701
1082,1082,13.13496791,14.02084929
1083,1083,12.63803792,12.3358827
1084,1084,12.12602271,12.99283321
1085,1085,12.9373291,13.96198749
1086,1086,13.52081419,12.0409653
1087,1087,12.82687212,12.10117423
1088,1088,12.73157049,15.91283167
1089,1089,13.68312102,14.94941885
1090,1090,14.76270248,12.82911592
1091,1091,14.04080338,13.01704987
1092,1092,12.5166325,13.50132075
1093,1093,13.39150734,15.5804183
1094,1094,15.06504287,11.43117378
1095,1095,12.81310998,12.23538802
1096,1096,13.46760914,11.79051303
1097,1097,11.99500422,10.12555245
1098,1098,10.71009223,10.58216912
1099,1099,11.23732479,11.74383443
1100,1100,11.42266017,11.1758011
1101,1101,10.83646936,12.71289146
1102,1102,11.83066113,10.48667901
1103,1103,10.53050419,10.39875388
1104,1104,11.70157206,9.903013164
1105,1105,10.87296963,8.157239146
1106,1106,9.337668721,8.652345173
1107,1107,9.043081034,7.957493377
1108,1108,8.456454431,8.092991898
1109,1109,8.947238064,11.42008575
1110,1110,9.598720074,8.93145906
1111,1111,8.677185178,8.332918419
1112,1112,9.465649563,7.502689799
1113,1113,8.071518995,7.295377715
1114,1114,7.678951083,6.654784855
1115,1115,7.604604871,11.43881744
1116,1116,9.445649716,8.94649309
1117,1117,9.229485719,6.012367145
1118,1118,7.0707877,7.922578639
1119,1119,7.619447326,6.561130015
1120,1120,6.772220899,6.308020096
1121,1121,7.679924604,7.356418117
1122,1122,7.80663647,7.504135115
1123,1123,6.642326989,7.466355525
1124,1124,7.012749798,7.498687687
1125,1125,7.307593368,5.740072264
1126,1126,5.982226392,5.713396069
1127,1127,7.035575716,6.880460854
1128,1128,6.017133077,5.956982709
1129,1129,6.093504425,5.85788044
1130,1130,6.695109117,5.601329357
1131,1131,6.15526469,6.317592676
1132,1132,5.671211126,5.922789498
1133,1133,5.82474026,7.345033789
1134,1134,6.189157214,7.057031309
1135,1135,6.80890996,7.587493586
1136,1136,7.575856226,7.05873312
1137,1137,6.970577972,8.393272573
1138,1138,7.440589651,7.756119535
1139,1139,8.091157313,8.035820151
1140,1140,7.844560146,6.628060702
1141,1141,6.764198689,7.629007034
1142,1142,7.823258935,9.621082382
1143,1143,8.357477198,8.615766164
1144,1144,8.504264658,8.32680918
1145,1145,8.716989771,8.114733655
1146,1146,7.868360384,10.86199278
1147,1147,9.181139044,11.82967822
1148,1148,10.54611637,9.099263962
1149,1149,9.905981025,9.662975363
1150,1150,10.08970079,10.95980896
1151,1151,10.24208929,12.63130628
1152,1152,10.82788633,12.45283723
1153,1153,12.34764264,11.05762515
1154,1154,11.48769945,12.51199307
1155,1155,12.4132169,10.75281309
1156,1156,10.72283323,11.7545221
1157,1157,11.89090231,13.35422802
1158,1158,12.93735594,13.30190522
1159,1159,12.82549538,14.79804308
1160,1160,13.58115237,13.85708044
1161,1161,13.18334776,12.50521842
1162,1162,13.19242367,10.87551817
1163,1163,12.99495125,13.43138
1164,1164,12.7542878,12.54842326
1165,1165,12.67342136,11.40650385
1166,1166,12.44372393,11.70501124
1167,1167,11.75323396,12.65144214
1168,1168,12.19638374,11.95640759
1169,1169,11.66289954,16.5027298
1170,1170,14.78105465,12.59621694
1171,1171,12.7529209,15.43928464
1172,1172,14.83582115,15.39449061
1173,1173,14.50050961,14.85778564
1174,1174,14.7912375,14.8555826
1175,1175,15.82334955,17.70605603
1176,1176,16.16902982,13.95912264
1177,1177,14.74339189,16.68210539
1178,1178,16.40250761,17.29188648
1179,1179,16.07404665,15.7501322
1180,1180,16.67637231,16.74063695
1181,1181,17.49226245,16.27085906
1182,1182,15.6157647,15.54810831
1183,1183,16.29099614,15.0415207
1184,1184,15.57135821,16.48642371
1185,1185,15.91110422,17.43084834
1186,1186,16.17619172,15.39414862
1187,1187,16.55514879,14.80318471
1188,1188,15.09485115,16.16770672
1189,1189,15.76680927,16.04969001
1190,1190,15.99952219,14.87776587
1191,1191,16.12025381,14.34168516
1192,1192,14.66426154,14.62333233
1193,1193,15.45922118,14.19403149
1194,1194,13.99860248,15.06049712
1195,1195,14.78850931,16.36937326
1196,1196,15.60705806,15.22628039
1197,1197,15.18459917,14.59529631
1198,1198,14.92698429,15.67161907
1199,1199,15.31243685,13.59485121
1200,1200,14.33259344,16.55170054
1201,1201,16.41611995,13.74031721
1202,1202,14.43405021,13.83906212
1203,1203,14.27004296,17.41912068
1204,1204,15.6088922,13.70554769
1205,1205,14.13509442,14.90264299
1206,1206,15.6720408,16.15257543
1207,1207,15.2179584,13.61604378
1208,1208,14.39574562,16.59923773
1209,1209,16.00502403,15.12820771
1210,1210,14.52051394,14.49224123
1211,1211,15.40525927,13.50156549
1212,1212,14.83894249,15.3580826
1213,1213,14.07574996,16.12084176
1214,1214,15.16484198,16.01210493
1215,1215,15.63893793,14.42803152
1216,1216,15.21897896,16.51725083
1217,1217,15.62707495,14.53058537
1218,1218,15.12137476,15.24979904
1219,1219,15.64807827,14.65135432
1220,1220,14.91031722,13.51137104
1221,1221,14.6686234,14.17483476
1222,1222,14.12073795,14.12852034
1223,1223,13.55296948,13.8404699
1224,1224,14.57942861,13.87902258
1225,1225,13.77777374,14.30428511
1226,1226,13.93112423,13.58704016
1227,1227,13.84108589,12.56656687
1228,1228,13.27843366,14.18751693
1229,1229,13.69403715,11.78266444
1230,1230,13.03416946,12.55741137
1231,1231,12.63667316,13.4745835
1232,1232,12.75545712,13.4683901
1233,1233,12.8589164,11.96481939
1234,1234,13.08713242,13.61793061
1235,1235,12.92552831,13.29896755
1236,1236,13.11106392,12.66103234
1237,1237,13.29177176,14.51725542
1238,1238,13.5918508,11.70704689
1239,1239,12.69688064,11.64097479
1240,1240,12.82307583,11.14695806
1241,1241,11.54672871,9.886766794
1242,1242,10.82905923,9.582348289
1243,1243,10.63121249,9.049719167
1244,1244,9.621035718,8.820800124
1245,1245,9.033152219,8.846019244
1246,1246,9.23462408,8.754018258
1247,1247,8.553787789,8.278733222
1248,1248,8.6148226,7.091896746
1249,1249,7.828630021,7.77012398
1250,1250,7.598423833,7.855061224
1251,1251,7.345868517,7.736628778
1252,1252,7.834781693,7.530320498
1253,1253,7.787037671,6.206052975
1254,1254,6.736644184,5.545613344
1255,1255,6.738856912,7.84027193
1256,1256,6.730209335,7.54340798
1257,1257,7.160345298,6.72696485
1258,1258,7.539221029,6.945294831
1259,1259,7.010279547,6.519946802
1260,1260,6.460193423,7.560352359
1261,1261,6.979001976,6.946201376
1262,1262,6.658349039,6.92081126
1263,1263,6.763134109,6.789205834
1264,1264,6.69863099,5.582170176
1265,1265,6.01217774,6.289202909
1266,1266,6.196273644,6.40076839
1267,1267,6.379206243,6.975044416
1268,1268,6.583687479,7.324417532
1269,1269,6.604729165,6.588173985
1270,1270,6.50781698,6.731042043
1271,1271,6.76335977,6.095517078
1272,1272,6.251015622,6.18178836
1273,1273,6.581898368,6.705320351
1274,1274,6.441458042,7.136189547
1275,1275,6.453380842,7.618122594
1276,1276,7.093659011,8.13056295
1277,1277,7.330124994,8.52045747
1278,1278,8.127595362,9.719890615
1279,1279,8.797286861,10.00574843
1280,1280,9.300259907,11.30916806
1281,1281,10.45771113,12.2115147
1282,1282,11.22539337,15.82931396
1283,1283,13.96002672,12.56203775
1284,1284,13.31592509,13.51631724
1285,1285,14.26218983,12.91272047
1286,1286,13.41708682,11.55586429
1287,1287,12.8137529,12.19836615
1288,1288,12.93730198,13.78662804
1289,1289,12.94889878,11.91393964
1290,1290,12.72610957,13.73445405
1291,1291,13.00556392,11.69936703
1292,1292,11.6250174,9.08558975
1293,1293,10.74536463,10.70646607
1294,1294,10.5716411,10.04444632
1295,1295,9.698473257,10.91095992
1296,1296,10.95102799,10.49882241
1297,1297,10.24857144,11.61610942
1298,1298,11.29948501,10.21285332
1299,1299,10.42611875,11.24974397
1300,1300,11.37882966,10.4345598
1301,1301,10.78267725,11.9607191
1302,1302,12.07250356,10.60192679
1303,1303,11.90772315,10.14206573
1304,1304,11.40731378,10.48336089
1305,1305,11.06605317,11.00581534
1306,1306,10.91718143,10.35724043
1307,1307,10.41618581,9.333705514
1308,1308,9.818975894,12.32011807
1309,1309,11.00522735,11.2829076
1310,1310,10.79694233,10.56377943
1311,1311,11.31116835,11.25203251
1312,1312,10.95238283,8.862752823
1313,1313,10.09154132,9.132353849
1314,1314,9.601213024,10.10491176
1315,1315,9.353354161,10.45441833
1316,1316,10.02296159,10.34907337
1317,1317,10.6804527,18.78741409
1318,1318,13.10742839,19.03670465
1319,1319,16.1715411,11.04883382
1320,1320,14.02393759,10.69442901
1321,1321,12.54918539,12.40696432
1322,1322,12.33137105,10.99748904
1323,1323,13.21260495,10.43862523
1324,1324,12.69882184,10.26734162
1325,1325,11.24768905,10.98055868
1326,1326,12.22380854,11.46998296
1327,1327,10.81258309,10.87098904
1328,1328,10.00643239,11.17336374
1329,1329,11.25998851,12.04535189
1330,1330,11.71587583,11.16418246
1331,1331,10.70604948,11.46632284
1332,1332,10.88822243,11.91551975
1333,1333,11.85960726,11.63809592
1334,1334,11.155715,14.10741595
1335,1335,12.70141211,12.60384658
1336,1336,12.23050029,11.43304659
1337,1337,12.78092442,11.82982344
1338,1338,12.46584653,11.80083292
1339,1339,11.95679462,11.38047905
1340,1340,12.61225301,11.2059031
1341,1341,11.19108643,10.27606056
1342,1342,9.903856572,10.55098598
1343,1343,11.02544997,11.43478594
1344,1344,11.47358188,12.18303943
1345,1345,11.40863165,12.50678811
1346,1346,11.97057014,12.90719796
1347,1347,12.53890461,12.87976404
1348,1348,12.40876665,14.27225874
1349,1349,13.42617419,13.68755155
1350,1350,13.37369493,13.83350341
1351,1351,13.83860103,13.05184157
1352,1352,13.48715301,11.76868218
1353,1353,12.38861012,13.46345566
1354,1354,13.47199521,11.3292442
1355,1355,11.95440245,10.67586831
1356,1356,11.81405878,11.89554994
1357,1357,11.66226249,10.55322656
1358,1358,10.67578257,11.04385142
1359,1359,11.46240423,11.10719213
1360,1360,10.90643348,11.27498527
1361,1361,11.46999074,12.54442115
1362,1362,11.93949743,15.10745439
1363,1363,13.48225813,15.06328329
1364,1364,14.39152095,16.54693576
1365,1365,15.77754165,15.00867194
1366,1366,15.11282638,15.23854683
1367,1367,15.16373165,12.57130454
1368,1368,13.39415311,12.3206555
1369,1369,13.06622703,13.66973816
1370,1370,13.40289435,12.85623363
1371,1371,12.87117811,12.60023307
1372,1372,12.97493173,11.81367433
1373,1373,11.8272771,12.78664797
1374,1374,12.94512946,12.43742367
1375,1375,12.28030653,11.63360299
1376,1376,12.28102579,11.50681031
1377,1377,12.02744342,13.23866404
1378,1378,13.05540869,12.27990338
1379,1379,13.00340905,10.09041876
1380,1380,11.28377568,11.0935835
1381,1381,11.41860904,11.86313589
1382,1382,11.78521298,10.01736842
1383,1383,10.73194901,10.56985473
1384,1384,10.6572869,9.700168225
1385,1385,9.670113869,10.12959571
1386,1386,10.21804929,9.131818681
1387,1387,9.219831571,9.478422861
1388,1388,9.10650988,8.275734913
1389,1389,9.114215534,8.383614495
1390,1390,8.913974546,10.83127693
1391,1391,9.975075993,10.1230332
1392,1392,9.580018165,7.915099165
1393,1393,9.137066436,8.070919907
1394,1394,8.582931949,8.638879499
1395,1395,8.365652935,7.307302157
1396,1396,7.821775202,7.471190444
1397,1397,7.686645379,7.037541894
1398,1398,7.413619174,6.288958173
1399,1399,6.905673248,6.781700579
1400,1400,6.643783893,7.788719951
1401,1401,6.93234552,6.493367865
1402,1402,6.81568576,6.564913173
1403,1403,7.134668558,5.358575524
1404,1404,5.729878021,5.490511184
1405,1405,5.558150832,6.744716255
1406,1406,6.505038958,5.981957092
1407,1407,5.894588814,5.172786242
1408,1408,5.868449952,7.05873312
1409,1409,6.232246352,5.984992941
1410,1410,5.939054256,6.836681042
1411,1411,6.753805398,6.691486903
1412,1412,6.188468087,6.970477752
1413,1413,6.5122611,6.996273182
1414,1414,6.760093067,7.574785638
1415,1415,7.059712004,6.504987853
1416,1416,6.868721094,5.387529842
1417,1417,6.06937785,6.775004611
1418,1418,6.558342714,6.839508354
1419,1419,6.221736187,6.50029815
1420,1420,6.718980111,8.421442043
1421,1421,7.741852523,9.217525411
1422,1422,8.286726615,9.120615767
1423,1423,8.917653986,10.33784827
1424,1424,9.321922418,11.2299008
1425,1425,10.46068785,11.02639405
1426,1426,11.09807677,12.20707333
1427,1427,11.62271475,12.466905
1428,1428,11.85629434,12.37703332
1429,1429,12.33213415,11.4974802
1430,1430,11.85490471,12.65798247
1431,1431,12.4057209,12.19964182
1432,1432,11.82700134,12.53455587
1433,1433,12.6336862,10.32937541
1434,1434,11.13596556,11.05937627
1435,1435,11.32094487,11.78671946
1436,1436,11.45857574,12.15675679
1437,1437,11.8845442,11.74253433
1438,1438,12.42304947,11.21899058
1439,1439,11.63162685,9.215663019
1440,1440,10.59378908,8.462746953
1441,1441,9.324436072,9.939053402
1442,1442,9.54919466,10.90520803
1443,1443,10.27546681,9.315304059
1444,1444,9.948931076,10.86931301
1445,1445,10.6084852,10.8234401
1446,1446,10.32162015,9.456239591
1447,1447,9.841239713,10.11890444
1448,1448,10.10226588,10.47895346
1449,1449,9.648542095,9.785435702
1450,1450,10.22448185,9.60920724
1451,1451,9.893368679,9.640315301
1452,1452,9.648227516,8.484647947
1453,1453,8.982127082,8.76159499
1454,1454,8.821327573,11.57883106
1455,1455,10.43616468,9.796858913
1456,1456,9.614243473,9.580033967
1457,1457,10.38782364,10.23725139
1458,1458,9.914098192,10.10793585
1459,1459,9.745098965,10.36207401
1460,1460,10.38399635,10.90409295
1461,1461,10.55095251,9.57011579
1462,1462,10.22880734,12.71035324
1463,1463,12.14327772,12.08634874
1464,1464,11.20954628,10.30332349
1465,1465,11.02311653,10.91178096
1466,1466,10.98408888,10.11060392
1467,1467,9.98787044,10.56016861
1468,1468,10.91501201,11.04336061
1469,1469,10.46989742,9.773266525
1470,1470,10.2020048,10.19216332
1471,1471,10.69525428,10.26759946
1472,1472,10.2154034,11.34032542
1473,1473,10.67696097,11.41326448
1474,1474,11.2119196,11.18141953
1475,1475,11.67647405,10.70082052
1476,1476,10.81260363,12.14633738
1477,1477,11.44516815,11.46823185
1478,1478,11.50019545,12.13698376
1479,1479,11.6962476,11.38063829
1480,1480,11.79174761,12.63534459
1481,1481,12.41586198,10.61077784
1482,1482,10.57639478,10.58795854
1483,1483,11.23182321,12.92264906
1484,1484,11.92385231,11.8692673
1485,1485,11.38080859,12.46538595
1486,1486,12.97864332,10.9957637
1487,1487,10.63525452,12.12106896
1488,1488,12.34169662,12.05812997
1489,1489,12.25969405,13.13203073
1490,1490,12.43677135,13.35678842
1491,1491,13.20910003,11.80988075
1492,1492,12.27260518,12.77997778
1493,1493,12.85933092,15.89024669
1494,1494,14.59683857,14.40601925
1495,1495,13.60018252,14.16664326
1496,1496,14.82137048,13.47837842
1497,1497,13.47793421,13.92138059
1498,1498,13.69810776,14.5627945
1499,1499,14.40108242,14.81569588
1500,1500,14.35854279,16.08356474
1501,1501,15.76111956,15.71006047
1502,1502,15.44000564,16.12216538
1503,1503,15.82256278,14.49428504
1504,1504,14.96046337,13.96223223
1505,1505,14.35900387,14.08717788
1506,1506,14.70403954,13.62796688
1507,1507,13.60923041,13.76172739
1508,1508,13.72475001,15.43474376
1509,1509,15.26380692,15.82504359
1510,1510,15.56962029,16.34095771
1511,1511,16.16594505,15.2893153
1512,1512,14.70472969,15.61628619
1513,1513,15.70005964,16.55347609
1514,1514,16.34029475,15.14371719
1515,1515,15.181403,16.51179165
1516,1516,16.47535502,16.41498968
1517,1517,16.02044589,14.2828478
1518,1518,14.74160172,15.31233272
1519,1519,15.70378875,16.43286278
1520,1520,15.54022074,15.79972722
1521,1521,15.83174358,14.65681577
1522,1522,15.05737913,12.89542099
1523,1523,13.36021107,13.15639352
1524,1524,13.49646433,13.25312175
1525,1525,13.34197406,13.04042196
1526,1526,13.53522766,11.43329493
1527,1527,12.12155115,10.28106874
1528,1528,11.55656969,10.2198198
1529,1529,10.85341083,10.60163636
1530,1530,10.58593167,9.376541239
1531,1531,9.656029744,9.350441355
1532,1532,9.70747804,9.519423318
1533,1533,9.425270271,8.539445654
1534,1534,8.687803915,7.65556019
1535,1535,8.155978056,7.703011879
1536,1536,8.25330719,7.738906901
1537,1537,7.737436691,7.778265264
1538,1538,7.551364779,7.709157316
1539,1539,7.714092298,7.260095203
1540,1540,7.445255398,7.081417621
1541,1541,7.394559097,6.325807699
1542,1542,6.519848895,6.165494031
1543,1543,5.954907151,5.326414359
1544,1544,5.583942368,5.26279138
1545,1545,5.926421601,6.197617655
1546,1546,6.299941617,7.237617897
1547,1547,6.788498179,5.754909516
1548,1548,5.830257544,8.005520035
1549,1549,7.972679558,7.661289895
1550,1550,7.187398252,6.071753693
1551,1551,6.647321065,6.79175087
1552,1552,7.186769651,6.967649097
1553,1553,6.629859871,5.455729902
1554,1554,6.059289951,5.53097287
1555,1555,6.095360232,5.911280789
1556,1556,5.662073852,5.605234211
1557,1557,5.838629443,7.111620479
1558,1558,6.990716371,6.874570569
1559,1559,6.450119579,6.38809664
1560,1560,6.365121462,6.720562918
1561,1561,6.963014351,6.464401786
1562,1562,6.277326229,6.656620123
1563,1563,6.902276824,6.766446252
1564,1564,6.856329401,6.613281825
1565,1565,6.921220313,6.77850415
1566,1566,7.096595525,7.62377856
1567,1567,7.139703386,7.139028619
1568,1568,7.003714848,7.907176835
1569,1569,7.69393671,9.436724396
1570,1570,8.434526683,10.07506491
1571,1571,9.013257381,8.94879339
1572,1572,9.18445712,9.46946053
1573,1573,9.413069308,10.45290153
1574,1574,9.982353864,9.174479806
1575,1575,9.464586196,10.54612528
1576,1576,10.5404282,9.533536781
1577,1577,9.314608022,9.553517009
1578,1578,10.26470948,10.02631673
1579,1579,10.06832808,10.54665363
1580,1580,9.976647742,9.721823141
1581,1581,9.906475414,8.672715352
1582,1582,9.320170982,10.21585163
1583,1583,10.25897108,8.617442195
1584,1584,8.691208352,9.706484658
1585,1585,10.1871815,9.888870316
1586,1586,9.711703398,9.682011505
1587,1587,9.893808056,10.06255374
1588,1588,9.974617277,9.688611557
1589,1589,9.378126725,7.402227712
1590,1590,8.182415127,9.168077874
1591,1591,9.220650179,9.330435346
1592,1592,8.394110259,8.168918852
1593,1593,8.301641663,8.894571994
1594,1594,9.025096991,10.20783338
1595,1595,9.612988755,8.293337498
1596,1596,8.522605873,9.16238571
1597,1597,9.453375386,10.32618033
1598,1598,9.097616727,10.47622341
1599,1599,10.20819093,11.07737241
1600,1600,10.90981633,10.28660301
1601,1601,9.877511344,9.233893478
1602,1602,9.843499919,10.09148228
1603,1603,10.51770273,11.26215788
1604,1604,10.48986581,14.21123236
1605,1605,12.8438368,11.41923892
1606,1606,11.51820822,11.79178375
1607,1607,12.36249555,11.32794771
1608,1608,11.49112992,11.16551649
1609,1609,11.56971132,12.64597253
1610,1610,12.30186368,11.69198708
1611,1611,11.51350866,12.71308463
1612,1612,13.12839515,13.50932858
1613,1613,12.60892031,15.61363348
1614,1614,15.16307955,10.97332394
1615,1615,12.39149514,11.43850938
1616,1616,12.24849126,11.61593843
1617,1617,11.57020792,12.0839254
1618,1618,12.18511623,11.55290218
1619,1619,11.71168699,10.39805587
1620,1620,10.19523224,11.06444416
1621,1621,11.2997579,14.33843036
1622,1622,13.68549356,12.64063638
1623,1623,11.98195674,11.27212402
1624,1624,11.86171162,12.17188808
1625,1625,12.16241021,12.35143467
1626,1626,12.39522697,16.28532172
1627,1627,14.30981343,13.42986455
1628,1628,13.22113348,10.261858
1629,1629,12.07305248,13.15792208
1630,1630,13.919916,11.600253
1631,1631,11.46359441,12.32191579
1632,1632,11.44294264,12.93211262
1633,1633,12.0677613,12.35601175
1634,1634,13.22025494,11.99046734
1635,1635,13.10167747,14.04188262
1636,1636,12.28264724,14.3792458
1637,1637,13.60445775,11.93072344
1638,1638,13.30257286,14.8495109
1639,1639,14.68216672,14.25862073
1640,1640,13.03930024,14.19433728
1641,1641,14.26607291,14.42374714
1642,1642,14.11793274,15.69591081
1643,1643,15.28895012,16.32764086
1644,1644,16.11589469,16.06341352
1645,1645,15.3586404,16.59462311
1646,1646,16.5414243,15.75063343
1647,1647,16.31072113,14.05466431
1648,1648,15.45269414,14.29298493
1649,1649,15.04059207,13.02760273
1650,1650,13.20339003,13.57632806
1651,1651,14.54279366,15.15684221
1652,1652,14.47239048,14.67080619
1653,1653,14.13086192,15.36411676
1654,1654,14.89663125,15.94265499
1655,1655,15.20572392,14.783475
1656,1656,15.19773512,14.9641539
1657,1657,14.98997051,15.02652287
1658,1658,14.61388838,15.61406779
1659,1659,15.20572193,24.38802192
1660,1660,21.90886433,14.71981448
1661,1661,16.57767923,14.09738875
1662,1662,17.25820197,14.66929074
1663,1663,14.95375188,13.40665035
1664,1664,15.6075719,12.4728419
1665,1665,14.10802639,14.51752367
1666,1666,12.53696154,12.62617732
1667,1667,13.45018735,10.64840046
1668,1668,13.84744822,11.74859788
1669,1669,11.23679724,11.09508853
1670,1670,10.19015891,10.58867191
1671,1671,11.37031379,11.5697493
1672,1672,12.39522106,12.79208724
1673,1673,11.27517527,9.361361993
1674,1674,10.14589491,10.13554437
1675,1675,10.80730665,7.504306112
1676,1676,9.159527332,8.003770266
1677,1677,8.703513361,8.010957047
1678,1678,7.547672298,7.249126607
1679,1679,7.456125632,6.756384201
1680,1680,7.055408969,6.571549423
1681,1681,5.548017077,7.631700889
1682,1682,6.915682368,6.139223151
1683,1683,6.638617837,7.996119795
1684,1684,7.41239145,6.78646402
1685,1685,7.293736764,6.54657504
1686,1686,6.976712934,6.055705443
1687,1687,6.374103063,5.9491237
1688,1688,5.487909895,5.688997997
1689,1689,6.374083304,5.959762062
1690,1690,5.897170372,5.502632403
1691,1691,5.149188751,5.583114262
1692,1692,5.523520023,6.295055653
1693,1693,5.685973366,5.581497949
1694,1694,5.891553446,4.690340205
1695,1695,4.980129758,6.876261964
1696,1696,6.500786831,6.714037947
1697,1697,6.261292294,5.8722902
1698,1698,6.619137075,7.369787876
1699,1699,6.455290988,6.673773039
1700,1700,6.52818489,6.762358642
1701,1701,7.299788906,6.920272489
1702,1702,6.795894949,7.419112373
1703,1703,6.8399848,6.446224232
1704,1704,7.124456898,6.304445476
1705,1705,6.847232221,5.885095407
1706,1706,6.00055148,6.607333166
1707,1707,6.514299333,7.711238662
1708,1708,7.34793346,8.161561074
1709,1709,7.725289597,7.258405151
1710,1710,7.301899806,8.634579747
1711,1711,8.182966614,8.811175983
1712,1712,8.379571491,8.345648544
1713,1713,8.791067731,9.474331647
1714,1714,8.856903603,10.30097028
1715,1715,9.724095235,11.6688855
1716,1716,10.94528531,9.88628774
1717,1717,10.10688565,11.11725778
1718,1718,10.4976043,9.521244565
1719,1719,10.21771271,10.33067191
1720,1720,10.99063169,10.80038648
1721,1721,10.69441466,9.756481383
1722,1722,10.10637765,10.1708011
1723,1723,10.68757299,11.09342066
1724,1724,10.90103865,10.38111149
1725,1725,10.47228037,8.792139841
1726,1726,10.00924881,8.860036791
1727,1727,9.363856775,9.924387147
1728,1728,10.17963618,9.045826072
1729,1729,9.22137907,10.24288518
1730,1730,9.776785964,9.132342089
1731,1731,8.692751767,9.72377103
1732,1732,10.05542521,10.78866016
1733,1733,9.840461439,10.54051861
1734,1734,9.9258683,11.12407679
1735,1735,10.57515066,12.15460171
1736,1736,11.60889509,9.98530451
1737,1737,10.59579769,9.489404559
1738,1738,10.27807858,9.843354757
1739,1739,9.676948033,8.635523833
1740,1740,9.706405914,8.768451537
1741,1741,9.329878118,9.85434553
1742,1742,9.183895889,9.037481722
1743,1743,8.785165479,8.027625963
1744,1744,9.046350232,9.02737666
1745,1745,8.553221231,8.301307785
1746,1746,8.45962515,8.40233082
1747,1747,8.989763281,9.866969322
1748,1748,9.369620561,8.259009489
1749,1749,8.313159827,11.57524242
1750,1750,10.50045476,13.52587806
1751,1751,11.30832546,11.63835241
1752,1752,11.49948885,10.13807538
1753,1753,11.02976766,12.07076418
1754,1754,11.45122186,10.02001071
1755,1755,10.75743065,9.324214828
1756,1756,10.57448177,10.30169541
1757,1757,9.59142545,10.52942698
1758,1758,10.46996434,10.19764829
1759,1759,10.86330704,11.26308661
1760,1760,10.45561239,9.949494986
1761,1761,9.598730682,11.15371375
1762,1762,11.86491577,13.32351352
1763,1763,12.27105363,10.4056326
1764,1764,11.24155914,11.44080968
1765,1765,11.91034657,11.39650512
1766,1766,11.43874734,11.45814401
1767,1767,11.61069339,14.44659222
1768,1768,13.38348499,14.07886695
1769,1769,12.47650236,11.20782521
1770,1770,12.47223272,13.69225301
1771,1771,13.24602701,12.35838713
1772,1772,11.48234325,11.48029109
1773,1773,12.56395111,12.5917991
1774,1774,12.53552975,14.13775226
1775,1775,13.35058759,11.11817608
1776,1776,12.77050348,11.06506843
1777,1777,12.02837846,11.23386537
1778,1778,10.39772765,11.56417657
1779,1779,12.45960574,12.38726637
1780,1780,12.34218314,13.84271182
1781,1781,12.48045396,14.02948273
1782,1782,13.14490286,15.31620138
1783,1783,14.93500488,14.52387404
1784,1784,13.74507473,14.56919643
1785,1785,14.98789365,11.7074486
1786,1786,13.16446736,14.76026214
1787,1787,14.58712951,11.17964264
1788,1788,12.10856868,14.00427269
1789,1789,13.22676359,13.87826485
1790,1790,12.82611882,12.41178748
1791,1791,13.17230423,15.16829121
1792,1792,14.36665032,14.22005763
1793,1793,13.44108679,13.12807658
1794,1794,14.28169366,13.26187329
1795,1795,14.24741484,15.0917142
1796,1796,13.84141152,16.67402608
1797,1797,16.22444247,15.15277678
1798,1798,15.59960437,12.83919333
1799,1799,13.81916161,11.88389602
1800,1800,12.98195219,13.56354998
1801,1801,13.49095622,12.53610886
1802,1802,12.35289464,13.85584726
1803,1803,13.44435541,11.40838026
1804,1804,12.41930684,14.80926001
1805,1805,13.84280725,13.61669383
1806,1806,13.28574635,15.11143793
1807,1807,13.88288737,13.46051934
1808,1808,14.35470889,13.20431025
1809,1809,14.28431981,11.97228844
1810,1810,13.40429815,12.99700992
1811,1811,12.07964459,12.19760843
1812,1812,12.25199834,11.00201
1813,1813,12.22418121,11.94066739
1814,1814,11.66614222,10.02439462
1815,1815,10.82769027,9.559357993
1816,1816,9.896625599,9.856969251
1817,1817,10.12681022,8.653961486
1818,1818,9.64319132,8.880224213
1819,1819,9.944831974,8.804553754
1820,1820,9.124249029,6.945625064
1821,1821,7.679787476,7.229758889
1822,1822,7.886653576,7.610349084
1823,1823,7.019292536,7.31669198
1824,1824,7.441659164,6.97055149
1825,1825,6.782547516,7.265323677
1826,1826,6.83717675,5.893322189
1827,1827,5.968904433,5.814824418
1828,1828,6.343402143,9.827574367
1829,1829,7.198114731,6.70766861
1830,1830,7.092603113,6.21587029
1831,1831,6.936407607,6.062572407
1832,1832,5.840966263,6.446614183
1833,1833,5.986223508,5.83984676
1834,1834,6.594197852,6.658321935
1835,1835,5.874767217,5.626180701
1836,1836,5.688259212,5.308050445
1837,1837,6.332896718,6.922437991
1838,1838,5.645959665,6.100964507
1839,1839,5.64547541,4.999715326
1840,1840,6.015899509,5.412514643
1841,1841,5.838029242,5.534974982
1842,1842,5.464225109,4.714909274
1843,1843,5.400116221,4.760830149
1844,1844,4.471000938,4.936434341
1845,1845,4.817164799,4.903771946
1846,1846,5.335158979,5.765547878
1847,1847,5.007561461,6.145770299
1848,1848,4.975415457,5.667021921
1849,1849,5.668362509,6.489952481
1850,1850,6.336978251,6.253846658
1851,1851,5.859851176,6.899336416
1852,1852,6.865377228,7.454234306
1853,1853,6.585903916,6.667771476
1854,1854,6.738223158,6.822381219
1855,1855,6.93249028,8.590360684
1856,1856,7.466406322,8.176654822
1857,1857,7.488633412,9.260212316
1858,1858,8.800397357,10.06787813
1859,1859,9.140737362,8.5162328
1860,1860,9.002774415,9.382368202
1861,1861,9.748764184,9.051566194
1862,1862,8.998050683,8.630663133
1863,1863,9.180890874,11.1111603
1864,1864,10.64723146,12.02958097
1865,1865,10.80168583,8.592233493
1866,1866,9.89833205,9.682977768
1867,1867,10.06486344,9.572026139
1868,1868,9.47480618,7.774297089
1869,1869,9.535389823,7.658532718
1870,1870,8.880191375,8.243766922
1871,1871,7.893610591,7.037418855
1872,1872,8.08371638,7.456337829
1873,1873,8.051470429,6.844331513
1874,1874,6.247339239,9.485643579
1875,1875,8.486025717,8.376513212
1876,1876,8.687028536,9.12865619
1877,1877,8.660006651,9.023887538
1878,1878,8.727455376,8.470190229
1879,1879,8.878067417,8.601954892
1880,1880,8.728358884,9.037967064
1881,1881,8.730838294,9.650256998
1882,1882,8.915561551,9.600638464
1883,1883,8.985766153,9.777368157
1884,1884,9.230156693,9.578785428
1885,1885,9.22491587,9.191179449
1886,1886,9.155772492,10.36867406
1887,1887,10.20825113,8.356053931
1888,1888,9.282324472,8.224118271
1889,1889,8.83570098,8.536518823
1890,1890,8.983353441,8.286530251
1891,1891,8.484356327,8.734856816
1892,1892,8.884520974,9.218491674
1893,1893,8.762113063,7.861828669
1894,1894,8.516891534,9.715934199
1895,1895,9.227257498,8.979445917
1896,1896,8.855444669,9.119341447
1897,1897,9.046615645,10.92048454
1898,1898,10.42472497,10.12380268
1899,1899,9.718288772,10.34002554
1900,1900,10.50254519,12.18098387
1901,1901,10.8010345,11.72124585
1902,1902,10.96128701,11.53184441
1903,1903,11.85600208,11.23545591
1904,1904,11.20748063,9.760680273
1905,1905,10.32101683,10.65832545
1906,1906,10.92985998,10.62171024
1907,1907,10.49646314,11.35961672
1908,1908,10.98113643,10.20501649
1909,1909,10.77637128,9.833682658
1910,1910,10.37284427,10.44413598
1911,1911,10.12728292,10.10865737
1912,1912,10.58996514,10.26998392
1913,1913,10.65436991,9.904331838
1914,1914,10.23795219,9.819320855
1915,1915,10.17391738,10.36138776
1916,1916,10.20279081,11.7482265
1917,1917,10.57034012,11.29592
1918,1918,11.44779409,10.53968581
1919,1919,10.6129756,12.4724601
1920,1920,11.51305426,12.96881467
1921,1921,12.21173767,14.18791999
1922,1922,13.22448994,14.98847276
1923,1923,14.24946903,13.66649378
1924,1924,13.92699372,12.93681274
1925,1925,13.48870275,11.91060975
1926,1926,12.12665545,11.87284192
1927,1927,12.33242649,12.48545033
1928,1928,12.57490173,15.4684475
1929,1929,14.31072581,15.44677948
1930,1930,14.46103346,14.79269517
1931,1931,14.7015952,14.17854418
1932,1932,14.14201564,11.76499988
1933,1933,13.13704914,12.34130795
1934,1934,13.82225982,12.49052998
1935,1935,12.67040212,12.69121984
1936,1936,12.86740903,15.29740997
1937,1937,14.51063058,15.7801487
1938,1938,14.52082927,13.77174148
1939,1939,13.97769713,13.27673271
1940,1940,13.46828868,13.64917121
1941,1941,13.35055155,12.84309819
1942,1942,13.92493589,14.04691298
1943,1943,14.86664945,14.4210637
1944,1944,13.82267916,12.92721438
1945,1945,13.55979158,13.0549032
1946,1946,13.28394157,12.32864796
1947,1947,11.33493725,11.56428651
1948,1948,12.20171249,14.41527428
1949,1949,14.0839509,14.34982645
1950,1950,14.06168164,12.86793911
1951,1951,13.62209332,13.09094704
1952,1952,12.92410868,12.98474349
1953,1953,11.94739952,10.09359982
1954,1954,11.64548947,12.50600687
1955,1955,12.52368669,10.62717169
1956,1956,10.84456546,9.053673321
1957,1957,11.08299171,9.084206413
1958,1958,9.542682434,9.166364302
1959,1959,8.390906705,10.18814945
1960,1960,10.54495355,10.24861354
1961,1961,9.768032106,10.08199386
1962,1962,9.321675341,8.638205929
1963,1963,9.678581925,8.042995173
1964,1964,8.5062283,7.322960456
1965,1965,7.454019341,7.270894144
1966,1966,8.234348623,6.672033687
1967,1967,6.994511503,8.03108249
1968,1968,7.321557227,6.462470603
1969,1969,6.800884626,7.090514751
1970,1970,7.186507217,7.460882316
1971,1971,6.697100982,6.78172636
1972,1972,6.963912513,7.43727951
1973,1973,7.096793947,8.144312243
1974,1974,7.141244905,6.01875866
1975,1975,6.450796944,7.520258447
1976,1976,7.564151103,6.259357408
1977,1977,5.735070585,7.24475672
1978,1978,7.240771199,6.352900969
1979,1979,6.498799083,5.791637345
1980,1980,5.55944976,6.494140954
1981,1981,6.743547392,6.266763144
1982,1982,6.177924383,5.888878564
1983,1983,5.959929144,6.029862054
1984,1984,5.725641307,5.504676208
1985,1985,5.564198465,5.909616518
1986,1986,5.627605385,6.146042157
1987,1987,6.011544328,5.557991059
1988,1988,5.703632989,5.802398746
1989,1989,6.02849551,5.837792537
1990,1990,5.466372991,5.324296815
1991,1991,5.780768037,6.093399535
1992,1992,5.557080117,5.311652188
1993,1993,5.619669282,4.638492849
1994,1994,5.107992745,5.409345338
1995,1995,5.199299132,4.597603671
1996,1996,4.583288999,5.52079954
1997,1997,5.456796058,5.103225021
1998,1998,4.921786516,5.131320752
1999,1999,5.293953568,6.336948634
2000,2000,5.628165879,5.393991492
2001,2001,5.417896802,6.39949407
2002,2002,5.99151645,6.10500416
2003,2003,5.98767057,7.142225047
2004,2004,6.717745736,7.666872122
2005,2005,7.17625171,8.066241964
2006,2006,7.463819754,8.541992032
2007,2007,8.287842127,8.113106924
2008,2008,7.94049193,9.525299581
2009,2009,8.912697147,9.679969042
2010,2010,9.371515894,11.78173706
2011,2011,10.79313013,10.58164211
2012,2012,10.83926889,12.48649167
2013,2013,11.71740886,10.58678508
2014,2014,10.91005736,12.97286834
2015,2015,12.36848903,12.4368849
2016,2016,12.43032214,13.24113533
2017,2017,13.2569635,15.00109655
2018,2018,14.56066388,12.10337862
2019,2019,12.93976757,12.27669427
2020,2020,12.83447287,13.88016118
2021,2021,13.30646233,10.91109472
2022,2022,12.38357881,13.19996388
2023,2023,13.35210924,12.79873299
2024,2024,12.31760868,11.06316984
2025,2025,12.23741093,12.52764911
2026,2026,12.68385952,11.39576957
2027,2027,10.94510297,10.46696704
2028,2028,11.81600865,11.94465548
2029,2029,11.28362163,11.16277334
2030,2030,11.07469564,13.24143979
2031,2031,12.87461562,11.43861706
2032,2032,11.96895418,11.22528123
2033,2033,11.29599587,11.64322353
2034,2034,11.44242568,13.37063363
2035,2035,12.55704371,12.19641961
2036,2036,12.95013995,11.73186885
2037,2037,11.52790879,12.77675557
2038,2038,12.9124335,12.18204604
2039,2039,12.37118971,13.61779355
2040,2040,13.15709839,13.59709314
2041,2041,13.08813038,11.95863775
2042,2042,12.46946002,12.75185627
2043,2043,12.8819553,12.73603739
2044,2044,12.77617994,13.58863204
2045,2045,13.1786641,13.06177016
2046,2046,13.5482575,13.39311094
2047,2047,12.69782861,14.61084468
2048,2048,14.20020426,13.08661109
2049,2049,13.57747273,12.54650249
2050,2050,12.71391226,12.10100324
2051,2051,12.2585149,14.85910926
2052,2052,14.61096807,12.77956205
2053,2053,13.5723686,12.222092
2054,2054,12.37034819,12.46026875
2055,2055,11.88453392,12.62622662
2056,2056,13.11473099,13.99598753
2057,2057,13.78597263,12.94245829
2058,2058,12.70664586,14.00090795
2059,2059,13.11534986,14.1186035
2060,2060,14.09082426,12.28820164
2061,2061,13.4089637,13.12038856
2062,2062,12.79364529,12.90895133
2063,2063,12.80505449,12.54649073
2064,2064,13.1254059,12.22051323
2065,2065,12.81701769,13.17897985
2066,2066,12.60483624,12.20368013
2067,2067,12.51981498,12.9384304
2068,2068,12.6758031,15.12040842
2069,2069,13.96073335,13.7803116
2070,2070,13.90386638,12.7741368
2071,2071,12.87357022,13.63463841
2072,2072,12.85669414,13.27116359
2073,2073,13.95101819,13.32965896
2074,2074,13.89857867,14.52083954
2075,2075,13.77336399,13.01565251
2076,2076,13.27671712,11.61063487
2077,2077,13.27134812,14.57378661
2078,2078,13.44169729,14.47136488
2079,2079,14.10827788,12.88267685
2080,2080,14.14308158,13.66089753
2081,2081,12.73100417,12.01098274
2082,2082,12.10838599,11.65354207
2083,2083,12.44240812,12.77298417
2084,2084,12.29838717,13.42113159
2085,2085,12.90225962,12.63219746
2086,2086,13.33201924,13.02263075
2087,2087,12.60458284,13.03193508
2088,2088,12.16899503,14.40148879
2089,2089,14.16614711,14.2220277
2090,2090,14.31002361,15.25931056
2091,2091,14.82177374,14.91475019
2092,2092,14.50304045,14.13019637
2093,2093,14.39831889,13.84809459
2094,2094,14.49728768,13.96584439
2095,2095,14.50599423,12.27359376
2096,2096,13.70645189,14.14447267
2097,2097,13.75405834,12.89435521
2098,2098,12.84942773,12.0527667
2099,2099,12.83029368,12.14938365
2100,2100,12.17848533,12.42293749
2101,2101,11.77849727,13.079546
2102,2102,12.59770404,11.58279564
2103,2103,11.58573656,10.09771187
2104,2104,10.55949495,10.1128807
2105,2105,10.16085542,11.02634475
2106,2106,11.27918175,10.6516073
2107,2107,11.05347264,10.58602602
2108,2108,10.58484633,9.653158048
2109,2109,9.834014477,8.677319556
2110,2110,9.519414491,7.853812685
2111,2111,8.535385938,7.847949524
2112,2112,8.143226368,7.70238761
2113,2113,8.043255692,7.528399731
2114,2114,7.479250843,7.241401055
2115,2115,6.960251509,6.786549519
2116,2116,6.252235759,7.345155485
2117,2117,7.332229432,7.780261112
2118,2118,7.463482157,6.47868985
2119,2119,6.962070671,7.53385892
2120,2120,6.896595329,7.288681747
2121,2121,6.694076997,6.026335392
2122,2122,7.1590178,5.936574989
2123,2123,6.383319508,6.038846563
2124,2124,5.727472367,5.897105347
2125,2125,5.997831165,5.37381809
2126,2126,5.577695895,5.612090758
2127,2127,5.506375887,5.104767596
2128,2128,5.265482937,4.924046209
2129,2129,4.951625723,4.948529779
2130,2130,4.461068148,4.646976127
2131,2131,4.367962121,5.530813633
2132,2132,4.987504029,5.539040415
2133,2133,5.209574878,4.781557685
2134,2134,5.031473473,4.356012878
2135,2135,4.517018206,6.054186388
2136,2136,5.308313178,4.787005113
2137,2137,5.116524379,4.600186247
2138,2138,5.360529541,5.43620429
2139,2139,4.711004493,5.052407249
2140,2140,5.076492858,4.759251376
2141,2141,5.173249011,5.542284802
2142,2142,4.998945573,4.66122665
2143,2143,4.752476805,5.262130913
2144,2144,5.107981217,5.317062076
2145,2145,5.060413211,5.220237931
2146,2146,5.177886397,5.317686346
2147,2147,5.435942436,5.323954821
2148,2148,5.027406269,6.133125672
2149,2149,5.855343585,6.270705538
2150,2150,5.964714722,7.127056219
2151,2151,6.78915063,7.13435428
2152,2152,6.862702449,7.438772785
2153,2153,7.430014694,8.815694689
2154,2154,8.250298749,8.562169038
2155,2155,8.401115553,8.762085803
2156,2156,9.001895858,10.14641344
2157,2157,9.630130983,10.49811264
2158,2158,10.39881487,9.333620015
2159,2159,10.15513248,13.08644009
2160,2160,11.75775143,12.61351733
2161,2161,12.36439267,13.96927379
2162,2162,14.51960599,15.83943933
2163,2163,14.54689498,13.32130779
2164,2164,14.29718971,13.86896053
2165,2165,14.90171352,11.30733145
2166,2166,12.14613661,14.26009183
2167,2167,14.49467279,12.3046552
2168,2168,13.31171149,13.08629127
2169,2169,13.64821515,14.35358382
2170,2170,12.94706487,12.59313179
2171,2171,13.33102793,11.85877281
2172,2172,12.33242799,12.64008225
2173,2173,11.73797228,13.43829492
2174,2174,12.92389585,13.47863491
2175,2175,13.78108509,12.45530719
2176,2176,12.29296372,14.31748026
2177,2177,12.75664687,14.67629116
2178,2178,14.65231479,14.09585794
2179,2179,14.49665924,13.85060703
2180,2180,14.62955832,13.67049589
2181,2181,13.5498719,14.82168208
2182,2182,15.14737473,14.81668927
2183,2183,15.45394018,15.2165721
2184,2184,15.03004279,15.81197963
2185,2185,15.57040056,16.61741528
2186,2186,15.46080961,16.89797449
2187,2187,16.65306751,15.74270069
2188,2188,16.20058312,15.80345881
2189,2189,16.17550262,14.6956367
2190,2190,15.88756825,14.03527081
2191,2191,14.81399436,15.78754402
2192,2192,15.24745793,15.19258976
2193,2193,15.17843203,13.34633148
2194,2194,14.34896205,16.45008717
2195,2195,15.25380594,16.36152601
2196,2196,15.23033428,13.2282668
2197,2197,14.79366477,15.48093289
2198,2198,14.8377872,14.69568466
2199,2199,14.13907473,14.49327082
2200,2200,15.21709138,16.65142708
2201,2201,15.29822625,15.53409211
2202,2202,15.30063567,15.10405437
2203,2203,15.93059111,13.56302162
2204,2204,14.17329942,15.07461058
2205,2205,14.48471194,15.0269879
2206,2206,15.23291588,14.1561266
2207,2207,15.69725368,13.07144226
2208,2208,13.64127325,13.93489422
2209,2209,13.57698677,13.2719471
2210,2210,13.01529206,13.12956985
2211,2211,13.21524125,14.78250513
2212,2212,13.95040154,14.33408265
2213,2213,14.03440921,13.75035348
2214,2214,13.72775273,13.10415261
2215,2215,13.02354563,13.87485762
2216,2216,13.82426607,12.31592825
2217,2217,13.02392535,14.47188147
2218,2218,14.42371157,13.21985366
2219,2219,12.607703,12.18516739
2220,2220,12.67283806,12.2409689
2221,2221,12.32166476,13.20669604
2222,2222,13.04866443,12.52901934
2223,2223,13.21037916,13.77404178
2224,2224,12.91963916,13.92741475
2225,2225,12.78240824,13.65170448
2226,2226,13.57327479,13.1565505
2227,2227,13.83301698,13.25922739
2228,2228,13.44294358,12.92625988
2229,2229,13.25035213,12.38710579
2230,2230,12.7487682,13.08462566
2231,2231,12.62795793,12.86081205
2232,2232,12.52141756,12.2410051
2233,2233,12.88704008,12.74938002
2234,2234,13.04341034,13.35958861
2235,2235,12.85814321,12.19971061
2236,2236,12.5245732,13.1639716
2237,2237,12.5946719,13.73420797
2238,2238,13.03116423,12.3441728
2239,2239,13.12148018,12.44197857
2240,2240,12.98305513,12.49957781
2241,2241,12.28718695,13.93751794
2242,2242,13.03498885,11.67451795
2243,2243,12.69111889,10.81806641
2244,2244,11.94253157,9.836818026
2245,2245,10.17636536,8.09648102
2246,2246,9.229345928,9.255158442
2247,2247,9.052779585,9.806615169
2248,2248,8.684978404,9.859893821
2249,2249,9.171823221,10.54081491
2250,2250,9.832044602,9.678915939
2251,2251,9.73619635,8.275868369
2252,2252,8.990047985,9.804155631
2253,2253,9.400403216,10.07454016
2254,2254,9.59768167,7.752250879
2255,2255,8.832508827,9.040734658
2256,2256,8.481505266,8.19487352
2257,2257,7.989202565,6.683285901
2258,2258,8.03289943,6.736477712
2259,2259,7.290185698,6.477099317
2260,2260,6.253437129,6.441657568
2261,2261,5.836233899,6.508598672
2262,2262,6.309889309,6.282960214
2263,2263,6.316499526,6.223253849
2264,2264,6.358730899,6.032150595
2265,2265,6.273583972,5.941936919
2266,2266,5.878446646,5.588279415
2267,2267,5.292709555,5.227888402
2268,2268,4.980206835,4.995724973
2269,2269,5.093560888,5.010514268
2270,2270,5.055380523,5.021409125
2271,2271,4.954887627,4.767307162
2272,2272,4.732706599,4.882580719
2273,2273,4.64051278,4.754134181
2274,2274,4.617463484,5.061882571
2275,2275,4.936214342,5.063878418
2276,2276,5.001059441,5.068236545
2277,2277,5.080857266,4.940841768
2278,2278,5.042632242,6.082564395
2279,2279,5.520445097,6.741888943
2280,2280,5.96489595,6.535286627
2281,2281,6.605628467,5.922666459
2282,2282,6.379492425,5.75952548
2283,2283,6.015823494,7.405044607
2284,2284,6.750621729,6.924508919
2285,2285,7.005674102,6.943630559
2286,2286,7.319839706,7.359918999
2287,2287,7.104043971,7.007253538
2288,2288,7.218430882,8.251663471
2289,2289,7.972957122,9.037647248
2290,2290,8.546163364,7.665953817
2291,2291,8.355862351,9.23318371
2292,2292,9.032901248,8.493536539
2293,2293,8.476593869,9.303613935
2294,2294,9.316454758,8.743930426
2295,2295,9.060498183,8.747970079
2296,2296,9.283455091,8.4286017
2297,2297,8.651635077,9.387926909
2298,2298,8.964039058,10.30426757
2299,2299,9.432749014,9.03581198
2300,2300,9.659156701,8.046838048
2301,2301,9.183340597,8.789286749
2302,2302,8.908923955,7.889560229
2303,2303,8.077605986,7.890685729
2304,2304,8.178845086,8.425603392
2305,2305,8.099160665,7.975575015
2306,2306,7.94893983,9.512041102
2307,2307,8.889593089,9.579041923
2308,2308,8.988988854,7.851951636
2309,2309,8.413361629,7.225337441
2310,2310,8.178378571,6.921996478
2311,2311,7.074609052,7.978829819
2312,2312,7.653230141,7.335568884
2313,2313,7.045429391,8.398692878
2314,2314,8.059643616,8.785284637
2315,2315,8.162828936,6.654930071
2316,2316,7.627988063,7.702997858
2317,2317,7.541609465,7.086423537
2318,2318,6.707291189,8.215511954
2319,2319,8.020069873,9.210632665
2320,2320,8.663149292,7.514759456
2321,2321,7.9701672,9.075170343
2322,2322,8.523537482,9.11735736
2323,2323,8.732424264,9.209481384
2324,2324,9.384225783,8.041977348
2325,2325,8.470296124,8.907633696
2326,2326,8.735937316,10.12547871
2327,2327,9.077447436,9.182755889
2328,2328,9.760151201,10.65669872
2329,2329,10.63342608,10.01207796
2330,2330,9.933241016,10.69259374
2331,2331,10.67947147,10.34704132
2332,2332,10.30223787,9.864008554
2333,2333,10.27338472,9.552391509
2334,2334,9.875193569,9.307739086
2335,2335,10.02291217,9.750091211
2336,2336,9.850987965,8.583517239
2337,2337,9.278044873,9.264279092
2338,2338,9.080214679,9.392650549
2339,2339,8.805223913,9.353232469
2340,2340,9.368752443,9.00456912
2341,2341,9.161930883,11.39949301
2342,2342,10.47642678,9.960576204
2343,2343,9.780466064,9.443531643
2344,2344,10.4699952,10.50378037
2345,2345,9.981529685,8.705415288
2346,2346,9.232239169,9.675364838
2347,2347,9.660505065,10.79191496
2348,2348,9.956594091,12.06152318
2349,2349,11.03795053,12.28230094
2350,2350,11.9957512,11.62816732
2351,2351,12.03997673,11.7035917
2352,2352,11.52096453,12.25637205
2353,2353,12.56837716,12.78298785
2354,2354,12.93410698,12.36852426
2355,2355,12.63646538,12.47452969
2356,2356,12.63506749,11.61421083
2357,2357,11.95536299,13.31993756
2358,2358,12.87326468,13.69741816
2359,2359,13.25571471,12.68808447
2360,2360,13.34742769,13.3928662
2361,2361,13.15922073,13.38959603
2362,2362,13.18477309,13.19162582
2363,2363,13.41603417,12.96636555
2364,2364,13.69299369,11.49068337
2365,2365,12.30980973,13.38646293
2366,2366,12.99700962,12.84345328
2367,2367,12.61237086,13.52538725
2368,2368,13.11412736,14.16920232
2369,2369,13.14957137,12.68374036
2370,2370,13.23917048,14.52147783
2371,2371,14.11094209,13.90678807
2372,2372,13.99776502,13.80561622
2373,2373,14.06425607,13.90267468
2374,2374,13.72686464,14.89971482
2375,2375,14.66051032,13.73541897
2376,2376,14.1339223,14.18628015
2377,2377,14.54680189,13.37158814
2378,2378,13.37537027,13.52570707
2379,2379,13.72929733,12.46106267
2380,2380,13.03609637,13.08958722
2381,2381,13.42434627,14.41606954
2382,2382,13.2646668,13.08273067
2383,2383,13.74329571,12.79995667
2384,2384,13.13349126,12.21217743
2385,2385,12.42411972,13.75837533
2386,2386,13.05704935,13.49339027
2387,2387,13.11894102,10.46461744
2388,2388,11.94741922,9.605497822
2389,2389,10.50512961,9.448001049
2390,2390,9.563286167,9.083043372
2391,2391,9.215469062,8.292359475
2392,2392,8.475724533,8.991960691
2393,2393,8.678498725,7.652476383
2394,2394,7.65677387,8.412456192
2395,2395,8.104049689,8.057869965
2396,2396,7.393151651,7.713431287
2397,2397,7.658516843,7.358829697
2398,2398,7.331293714,7.440683134
2399,2399,7.601872918,7.51166389
2400,2400,6.893126081,6.826361154
2401,2401,6.910458047,7.444882023
2402,2402,6.719628506,6.413194063
2403,2403,6.497270541,7.54344552
2404,2404,7.558159232,7.794597133
2405,2405,7.50208946,6.096007892
2406,2406,6.56081227,6.752809581
2407,2407,6.713550564,6.954465699
2408,2408,7.082115113,7.004157971
2409,2409,7.310233089,6.097598424
2410,2410,6.608986487,5.993635456
2411,2411,5.925794639,5.890238382
2412,2412,5.62586792,5.825132547
2413,2413,5.966516099,5.633858296
2414,2414,5.563223941,5.997909427
2415,2415,5.703164368,6.699041458
2416,2416,6.201728558,5.845001495
2417,2417,6.181893142,5.122837475
2418,2418,5.38849456,5.696147237
2419,2419,5.525616591,5.131272795
2420,2420,5.075754512,5.391104463
2421,2421,5.535774362,5.936244755
2422,2422,5.615183478,4.865956157
2423,2423,5.036190136,5.294131498
2424,2424,5.238416823,5.960509371
2425,2425,5.392106161,5.084530873
2426,2426,5.409730669,6.06722457
2427,2427,5.953285399,7.20811439
2428,2428,6.392552481,7.997587288
2429,2429,7.366079886,6.667957836
2430,2430,7.133136903,7.303103267
2431,2431,7.550770685,8.228796214
2432,2432,7.522187934,8.408342801
2433,2433,8.529144562,9.680544012
2434,2434,9.283815366,11.06418766
2435,2435,10.35910167,11.10616614
2436,2436,10.97157167,9.866174056
2437,2437,10.86864481,9.436809894
2438,2438,10.15452606,9.532043507
2439,2439,9.868917836,9.802316759
2440,2440,10.15907781,9.853135874
2441,2441,10.18593839,9.837135581
2442,2442,9.832957018,10.01415931
2443,2443,10.03970092,8.48743906
2444,2444,9.037484228,8.910743284
2445,2445,8.954678229,8.748519267
2446,2446,8.810705744,9.271134296
2447,2447,9.251650399,8.854050591
2448,2448,8.532202011,9.905116687
2449,2449,9.2095205,10.63200661
2450,2450,9.715421142,11.05368276
2451,2451,10.80687664,8.227484353
2452,2452,8.844623714,10.02462667
2453,2453,10.118763,11.57803714
2454,2454,10.22023384,11.30139455
2455,2455,11.13410924,9.200789569
2456,2456,9.763852895,8.593177579
2457,2457,9.634227112,9.886923769
2458,2458,9.632920289,8.945059533
2459,2459,9.256737992,7.771358498
2460,2460,8.470036781,9.31166746
2461,2461,9.19332509,9.971152587
2462,2462,9.403539921,8.689341256
2463,2463,8.859817992,8.439118366
2464,2464,8.769591028,9.388685978
2465,2465,9.115309801,8.237022997
2466,2466,8.487620294,10.1216476
2467,2467,9.70440248,8.592159754
2468,2468,8.828624417,8.907035207
2469,2469,8.973231762,10.73974097
2470,2470,9.413418962,9.667847823
2471,2471,9.056668446,10.23775396
2472,2472,10.73541954,9.9175799
2473,2473,10.21598355,10.61169615
2474,2474,10.00946838,10.11017643
2475,2475,9.965742784,10.80021682
2476,2476,11.21857801,11.72532304
2477,2477,11.18638237,10.23940782
2478,2478,10.42081528,9.511635787
2479,2479,10.31859465,8.909494745
2480,2480,9.868135409,11.09025135
2481,2481,10.36364786,10.26526162
2482,2482,10.15540717,11.54854405
2483,2483,11.13688665,10.03679585
2484,2484,10.51136699,11.38853484
2485,2485,11.19646052,11.27857525
2486,2486,10.54212905,12.19462188
2487,2487,12.07405422,11.89722958
2488,2488,11.99750797,11.34120619
2489,2489,12.13633516,11.62214358
2490,2490,11.02461844,11.87724935
2491,2491,11.92577312,11.40366612
2492,2492,11.47999769,11.85946175
2493,2493,11.74550841,12.78310954
2494,2494,12.44178322,11.56698852
2495,2495,12.01805266,11.44302449
2496,2496,11.9257212,12.06199863
2497,2497,11.42791698,12.24937844
2498,2498,12.52851051,11.27608859
2499,2499,11.46237412,11.86104052
2500,2500,12.33916309,11.58655301
2501,2501,11.15192845,12.27571264
2502,2502,12.33837162,13.85397445
2503,2503,12.6610689,13.8010016
2504,2504,13.64336131,14.94205065
2505,2505,14.35536992,11.78624041
2506,2506,12.87915762,11.42146414
2507,2507,11.9964885,10.9960202
2508,2508,11.75951727,10.67602755
2509,2509,11.24948187,11.43694103
2510,2510,10.96698288,10.91618839
2511,2511,11.20241127,10.01645827
2512,2512,10.1662255,10.46815452
2513,2513,10.40919162,11.52553839
2514,2514,10.75488921,11.53563798
2515,2515,11.66923323,11.49090233
2516,2516,11.37500541,11.65622551
2517,2517,11.42467952,12.60271973
2518,2518,11.95853973,13.88620936
2519,2519,13.19108312,11.81440988
2520,2520,12.05767959,14.48832462
2521,2521,13.73809713,12.48579232
2522,2522,13.0868236,13.38122269
2523,2523,13.51315066,14.2229822
2524,2524,13.62089074,12.00415197
2525,2525,12.92845557,12.94818665
2526,2526,12.62232839,15.62364397
2527,2527,14.46521586,15.94391755
2528,2528,15.34755814,12.59219131
2529,2529,13.72065948,12.73340551
2530,2530,13.69441519,10.35185138
2531,2531,11.65652768,10.75461442
2532,2532,11.63070556,10.75997635
2533,2533,10.55484338,9.852365046
2534,2534,10.37670714,8.983818065
2535,2535,8.836741812,8.835599836
2536,2536,9.58359535,10.5103931
2537,2537,8.841706279,8.334262874
2538,2538,8.896748067,10.68160162
2539,2539,10.01889333,8.733451301
2540,2540,9.090758228,9.083705182
2541,2541,9.467631422,7.294043677
2542,2542,7.811576291,7.026315461
2543,2543,7.500420981,7.029890081
2544,2544,6.849593228,6.9831857
2545,2545,8.147963673,7.263254091
2546,2546,6.538685993,6.469924296
2547,2547,7.19185876,5.896725813
2548,2548,5.500024172,6.264900753
2549,2549,7.022811937,5.828669626
2550,2550,5.577395191,6.205514204
2551,2551,5.980617117,5.957483939
2552,2552,5.722818392,6.424174418
2553,2553,5.798377014,6.517252946
2554,2554,6.705206712,6.319906997
2555,2555,6.054082024,6.833878169
2556,2556,6.966863031,6.709924556
2557,2557,6.429927323,6.512552826
2558,2558,6.99104562,6.236965601
2559,2559,6.252669777,6.215198063
2560,2560,6.411478628,5.799581851
2561,2561,5.831028526,6.608128432
2562,2562,6.576455187,6.018108609
2563,2563,5.905439539,6.044502529
2564,2564,6.226390167,5.822891964
2565,2565,5.656359719,5.62272912
2566,2566,5.891219103,5.910865057
2567,2567,5.70786745,6.860651623
2568,2568,6.619163682,7.479001495
2569,2569,6.839705627,7.473725063
2570,2570,7.265208986,8.452684902
2571,2571,8.03043748,8.654426519
2572,2572,8.492309038,8.09590605
2573,2573,8.251819063,7.899061332
2574,2574,8.204135525,8.481404903
2575,2575,8.532870808,8.371125501
2576,2576,8.348742556,10.65947807
2577,2577,9.964961889,12.47002409
2578,2578,11.33781464,11.59334984
2579,2579,11.69057735,9.575552801
2580,2580,10.11873276,10.6383348
2581,2581,10.86652421,10.72854848
2582,2582,10.71860014,10.47917376
2583,2583,10.89645352,9.85388184
2584,2584,10.06502165,11.41628857
2585,2585,11.23052643,10.65610023
2586,2586,10.5431788,9.612829819
2587,2587,9.952837604,9.358568618
2588,2588,9.531202973,8.791698328
2589,2589,9.529235833,9.464830544
2590,2590,9.462746989,8.232319272
2591,2591,8.331552484,8.420301179
2592,2592,8.282816286,9.286681316
2593,2593,9.122842906,9.387741891
2594,2594,9.004886226,8.691053485
2595,2595,8.563299854,8.348365919
2596,2596,8.876029017,8.743990144
2597,2597,8.514797483,9.055617607
2598,2598,8.967320392,8.032267708
2599,2599,8.125004987,8.523761574
2600,2600,9.138336252,9.901579607
2601,2601,9.076048597,10.44755136
2602,2602,9.661306211,8.348439658
2603,2603,8.986787439,9.585039883
2604,2604,9.802508793,8.34533007
2605,2605,8.725163117,7.908804908
2606,2606,7.929810888,7.485671681
2607,2607,7.980620781,8.471156492
2608,2608,8.548507028,7.971312804
2609,2609,7.585388886,8.669643305
2610,2610,8.46117321,9.662779928
2611,2611,9.050727277,9.296744709
2612,2612,9.447104788,9.450116331
2613,2613,9.113912115,9.370588976
2614,2614,9.35116911,11.12389177
2615,2615,10.59947638,9.657390875
2616,2616,10.10177247,9.54968229
2617,2617,9.732379334,10.72297801
2618,2618,10.40152619,10.68791579
2619,2619,10.90816979,11.32588988
2620,2620,10.92001482,10.04775043
2621,2621,10.44593778,10.40407601
2622,2622,10.17323323,10.84071245
2623,2623,11.22812303,10.45545967
2624,2624,10.13858649,10.43376587
2625,2625,10.51715383,10.9683895
2626,2626,11.00994959,11.05253148
2627,2627,10.87537286,8.890911876
2628,2628,9.570218503,10.46579224
2629,2629,10.07760987,11.04783002
2630,2630,11.16304806,10.50963177
2631,2631,10.01677399,9.753211216
2632,2632,10.19226474,10.07732767
2633,2633,10.44174289,10.37255313
2634,2634,9.845332207,9.867923826
2635,2635,10.05754356,9.847490325
2636,2636,9.778043251,10.22861929
2637,2637,10.62345932,12.47868062
2638,2638,11.25965157,12.22193276
2639,2639,11.61115278,12.08380236
2640,2640,12.16703599,13.64873196
2641,2641,13.46928133,12.69342422
2642,2642,12.8003868,12.8999035
2643,2643,12.58216932,12.07835494
2644,2644,12.91354572,12.73706697
2645,2645,12.62335632,11.09363961
2646,2646,11.6010885,12.13017651
2647,2647,11.97781707,12.59135624
2648,2648,12.55841854,12.41956099
2649,2649,12.22749871,13.2119105
2650,2650,12.44542202,13.64342974
2651,2651,13.80538258,13.18696189
2652,2652,12.91895286,15.56440264
2653,2653,15.16577245,13.21327032
2654,2654,13.23676741,12.94561584
2655,2655,13.56421003,13.94364936
2656,2656,14.30158875,14.05870396
2657,2657,13.21595683,14.31832709
2658,2658,14.4557199,12.92563561
2659,2659,13.49967243,13.23894271
2660,2660,13.52354749,12.82183322
2661,2661,12.94496865,14.40026603
2662,2662,13.45347895,15.18704507
2663,2663,14.99631343,14.47146574
2664,2664,14.4845155,12.11666154
2665,2665,12.82297671,12.08042452
2666,2666,12.85414409,13.24194102
2667,2667,12.6920524,11.23652169
2668,2668,12.01737364,12.41730864
2669,2669,12.09130778,12.91743461
2670,2670,12.99713376,11.27990795
2671,2671,11.30798131,10.95466599
2672,2672,11.18124987,10.71846291
2673,2673,11.07851048,11.63252545
2674,2674,11.40946976,11.47161329
2675,2675,11.71957641,11.78413554
2676,2676,11.14456837,10.757197
2677,2677,11.05341321,10.53579497
2678,2678,10.82537838,10.34776377
2679,2679,10.62114876,12.16222866
2680,2680,11.89365857,10.8133767
2681,2681,10.7071631,11.26837706
2682,2682,11.42050889,12.18055503
2683,2683,11.43972775,8.962211106
2684,2684,10.0546757,8.498838752
2685,2685,9.751206577,7.971107871
2686,2686,8.539687002,7.251329649
2687,2687,7.395324307,7.07796604
2688,2688,7.629833677,6.723342272
2689,2689,6.781405378,7.267906253
2690,2690,6.867385445,6.771135955
2691,2691,6.93443308,7.41620998
2692,2692,7.158886018,6.505243006
2693,2693,6.887633466,6.077324161
2694,2694,5.893624279,5.951827973
2695,2695,6.487056103,6.132501402
2696,2696,5.939392106,5.394140312
2697,2697,5.53311017,5.408182297
2698,2698,6.107210877,5.441762998
2699,2699,4.821758922,4.666503082
2700,2700,5.030857715,5.667071222
2701,2701,5.56401731,5.131235254
2702,2702,5.03096016,5.148692623
2703,2703,5.074749001,4.256739613
2704,2704,4.535702431,4.698541207
2705,2705,4.700806323,4.239256464
2706,2706,3.920933716,4.273364175
2707,2707,4.404796921,5.174536011
2708,2708,4.897017073,4.786428802
2709,2709,4.767083115,5.080956253
2710,2710,4.761619397,5.289137342
2711,2711,5.378074054,5.05342147
2712,2712,4.806938991,5.73554314
2713,2713,5.731956263,5.526919196
2714,2714,5.562783746,5.556263466
2715,2715,5.235489938,6.712849126
2716,2716,6.549300682,6.374776182
2717,2717,6.124286395,6.890876657
2718,2718,6.850460951,6.922940564
2719,2719,6.813301796,7.591004885
2720,2720,7.36191768,6.809011461
2721,2721,6.93221134,9.384129731
2722,2722,8.469388357,8.887604168
2723,2723,8.919023578,8.983020537
2724,2724,8.861185296,9.302313834
2725,2725,9.248000888,10.99955862
2726,2726,10.5241683,9.77173571
2727,2727,9.719925991,10.12148702
2728,2728,10.49801395,11.03138821
2729,2729,10.683514,10.5830241
2730,2730,10.72606568,9.92115452
2731,2731,10.23549654,9.374888727
2732,2732,9.940925019,8.119397577
2733,2733,8.642370644,9.622123726
2734,2734,9.506038459,10.13639935
2735,2735,9.716139457,9.555524616
2736,2736,9.326679736,9.42979411
2737,2737,9.842240132,9.000823503
2738,2738,9.005905624,7.658277565
2739,2739,7.977329991,8.871336963
2740,2740,8.870889717,8.50135935
2741,2741,8.37403799,10.00678977
2742,2742,9.258914724,10.82750687
2743,2743,10.20536526,8.694580148
2744,2744,9.324648195,7.832681176
2745,2745,8.325824222,7.924878939
2746,2746,8.130752516,8.840680833
2747,2747,8.647393945,7.782316677
2748,2748,8.201445547,8.656507864
2749,2749,8.237354514,8.807479666
2750,2750,8.508015819,7.961948762
2751,2751,8.156808799,10.0877742
2752,2752,9.755510799,8.464888016
2753,2753,8.829046002,8.180070205
2754,2754,8.079748404,11.11554195
2755,2755,10.38565405,10.08586385
2756,2756,9.410310446,9.27387611
2757,2757,9.910339512,8.642353257
2758,2758,9.306897163,9.374813646
2759,2759,9.058177303,9.214794014
2760,2760,9.74783414,9.934460957
2761,2761,9.363341812,9.562465319
2762,2762,9.553381225,9.948807396
2763,2763,9.841861125,8.369434107
2764,2764,8.909664164,9.140250397
2765,2765,9.298416616,8.944397723
2766,2766,8.683741774,10.30382472
2767,2767,10.26802932,9.774563022
2768,2768,9.450187956,11.67537293
2769,2769,10.97278421,9.939603933
2770,2770,9.923770078,10.57529989
2771,2771,10.49385901,11.48423348
2772,2772,11.35377936,11.77287065
2773,2773,11.43708704,10.27586244
2774,2774,11.1274712,11.19322093
2775,2775,10.79369061,9.8671661
2776,2776,9.951168425,8.983585089
2777,2777,9.919364301,10.7138225
2778,2778,10.5367726,11.1004844
2779,2779,10.69213285,11.13494586
2780,2780,11.16453818,10.25491729
2781,2781,10.38767034,11.26384567
2782,2782,10.56780265,10.82214
2783,2783,10.89716543,12.35826409
2784,2784,12.14373733,13.04195051
2785,2785,12.79031955,13.3017564
2786,2786,12.82892694,14.30172605
2787,2787,13.81546099,14.69975144
2788,2788,14.02535866,14.07882941
2789,2789,14.30938696,13.57196993
2790,2790,14.24509502,14.46643538
2791,2791,14.68877331,12.55854863
2792,2792,12.7301059,12.13781656
2793,2793,12.53069989,13.07509196
2794,2794,12.88459214,12.3130272
2795,2795,12.5309536,14.06040577
2796,2796,13.71382242,13.2729509
2797,2797,13.78682765,13.55023994
2798,2798,13.13753582,13.10502296
2799,2799,13.4210531,13.38364603
2800,2800,13.18378985,12.66415009
2801,2801,12.81135205,13.60760846
2802,2802,13.77216719,14.03175591
2803,2803,13.42419929,12.66068675
2804,2804,13.25564725,13.38614311
2805,2805,12.85402672,14.03989719
2806,2806,13.63253864,13.15710103
2807,2807,12.99387116,14.24288869
2808,2808,14.03482497,13.71086166
2809,2809,13.47661637,12.66825306
2810,2810,12.69670891,11.9581949
2811,2811,12.73833336,12.19466849
2812,2812,11.98460563,12.24727492
2813,2813,12.87664935,11.6460662
2814,2814,12.12618741,13.72124353
2815,2815,12.72610062,10.6686969
2816,2816,11.58116057,11.49872874
2817,2817,11.15231334,11.95648267
2818,2818,11.83998996,11.69007673
2819,2819,11.44238693,10.33181277
2820,2820,11.43375146,9.953009889
2821,2821,10.260723,10.11826975
2822,2822,9.665383778,9.624155772
