,TimeStep,EnergyCost,QoS,Switching
0,0,0.14399999999999996,0.13420545516877141,0.0
1,3,0.14399999999999996,0.08245025185190513,0.0
2,6,0.14399999999999996,0.1037022051898604,0.0
3,9,0.14399999999999996,0.11820180002223388,0.0
4,12,0.14399999999999996,0.06423423080342153,0.0
5,15,0.14399999999999996,0.045800090082213626,0.0
6,18,0.14399999999999996,0.041854046566986415,0.0
7,21,0.14399999999999996,0.03403803492353871,0.0
8,24,0.14399999999999996,0.06578692455670772,0.0
9,27,0.14399999999999996,0.05188388258256962,0.0
10,30,0.14399999999999996,0.06764271701914729,0.0
11,33,0.14399999999999996,0.06464591220379542,0.0
12,36,0.14399999999999996,0.08701348983943595,0.0
13,39,0.14399999999999996,0.1272057050353549,0.0
14,42,0.14399999999999996,0.1918124409336599,0.0
15,45,0.14399999999999996,0.23200472826850832,0.0
16,48,0.14399999999999996,0.29593342669637956,0.0
17,51,0.14399999999999996,0.2846360739509172,0.0
18,54,0.14399999999999996,0.4810201149705208,0.0
19,57,0.14399999999999996,0.358483716321697,0.0
20,60,0.14399999999999996,0.3269096321393975,0.0
21,63,0.14399999999999996,0.3511632657059825,0.0
22,66,0.14399999999999996,0.34143675468450024,0.0
23,69,0.14399999999999996,0.3419336911588441,0.0
24,72,0.14399999999999996,0.2946729921402891,0.0
25,75,0.14399999999999996,0.3548537990846309,0.0
26,78,0.14399999999999996,0.4580295965815833,0.0
27,81,0.2982610422134399,0.5316057534553386,0.01
28,84,0.14399999999999996,0.41257566478843016,0.0
29,87,0.14399999999999996,0.6291586317035796,0.0
30,90,0.14399999999999996,0.33468544461090344,0.0
31,93,0.14399999999999996,0.23949173439427204,0.0
32,96,0.14399999999999996,0.3569094300243668,0.0
33,99,0.14399999999999996,0.347209296597263,0.0
34,102,0.14399999999999996,0.26511827357999584,0.0
35,105,0.14399999999999996,0.4879543769259639,0.0
36,108,0.14399999999999996,0.30374163235472895,0.0
37,111,0.14399999999999996,0.45243724512709377,0.0
38,114,0.14399999999999996,0.28834569827796824,0.0
39,117,0.14399999999999996,0.32630942442000477,0.0
40,120,0.14399999999999996,0.2996817631282819,0.0
41,123,0.14399999999999996,0.21096993936304806,0.0
42,126,0.14399999999999996,0.25199366796555767,0.0
43,129,0.14399999999999996,0.20200289531206655,0.0
44,132,0.14399999999999996,0.15875669454137398,0.0
45,135,0.14399999999999996,0.18037920417689166,0.0
46,138,0.14399999999999996,0.12665519204806985,0.0
47,141,0.14399999999999996,0.13076500695575297,0.0
48,144,0.14399999999999996,0.130967823652604,0.0
49,147,0.14399999999999996,0.1362641885172808,0.0
50,150,0.14399999999999996,0.10690916797314168,0.0
51,153,0.14399999999999996,0.0697599339382388,0.0
52,156,0.14399999999999996,0.06641434439068292,0.0
53,159,0.14399999999999996,0.039536418683803726,0.0
54,162,0.14399999999999996,0.033563257480974586,0.0
55,165,0.14399999999999996,0.050155096316894764,0.0
56,168,0.14399999999999996,0.02765312104603935,0.0
57,171,0.14399999999999996,0.03495960542392706,0.0
58,174,0.14399999999999996,0.04345980114907083,0.0
59,177,0.14399999999999996,0.02775700670015756,0.0
60,180,0.14399999999999996,0.11871047054981321,0.0
61,183,0.14399999999999996,0.1020733816357849,0.0
62,186,0.14399999999999996,0.18854840337705392,0.0
63,189,0.14399999999999996,0.16074780698507593,0.0
64,192,0.14399999999999996,0.19703652574393316,0.0
65,195,0.14399999999999996,0.2754008911906026,0.0
66,198,0.14399999999999996,0.23430822477543906,0.0
67,201,0.14399999999999996,0.2610711939280045,0.0
68,204,0.14399999999999996,0.2274743006928232,0.0
69,207,0.14399999999999996,0.23132033710033198,0.0
70,210,0.14399999999999996,0.20394792101268103,0.0
71,213,0.14399999999999996,0.3768803834093317,0.0
72,216,0.14399999999999996,0.27981320447685193,0.0
73,219,0.14399999999999996,0.31807820671269676,0.0
74,222,0.14399999999999996,0.30037542509628784,0.0
75,225,0.14399999999999996,0.4131852729773165,0.0
76,228,0.14399999999999996,0.27028888453734534,0.0
77,231,0.14399999999999996,0.34411822315325996,0.0
78,234,0.14399999999999996,0.29613264583426974,0.0
79,237,0.14399999999999996,0.3660888838610558,0.0
80,240,0.14399999999999996,0.2941701910733018,0.0
81,243,0.30825329990386957,0.4166868343610717,0.01
82,246,0.14399999999999996,0.44568464988876266,0.0
83,249,0.14399999999999996,0.41725239774581374,0.0
84,252,0.14399999999999996,0.4995032540738946,0.0
85,255,0.14399999999999996,0.43647894631024453,0.0
86,258,0.14399999999999996,0.29138553792348454,0.0
87,261,0.14399999999999996,0.43932262968469366,0.0
88,264,0.14399999999999996,0.5511172844864954,0.0
89,267,0.2954814874649048,0.7829930822399632,0.01
90,270,0.14399999999999996,0.45431046055855484,0.0
91,273,0.14399999999999996,0.296187817210748,0.0
92,276,0.14399999999999996,0.22406484982372757,0.0
93,279,0.14399999999999996,0.2934748113292186,0.0
94,282,0.14399999999999996,0.16660364802470776,0.0
95,285,0.14399999999999996,0.17159882124885345,0.0
96,288,0.14399999999999996,0.12786102606667094,0.0
97,291,0.14399999999999996,0.1745532532124374,0.0
98,294,0.14399999999999996,0.09295838251481044,0.0
99,297,0.14399999999999996,0.05446223553806893,0.0
100,300,0.14399999999999996,0.08317632663676577,0.0
101,303,0.14399999999999996,0.06667752535038797,0.0
102,306,0.14399999999999996,0.04838455496450873,0.0
103,309,0.14399999999999996,0.042631468116490934,0.0
104,312,0.14399999999999996,0.005467922033644041,0.0
105,315,0.14399999999999996,0.02172885187926741,0.0
106,318,0.14399999999999996,0.055428154388024196,0.0
107,321,0.14399999999999996,0.056338419979890544,0.0
108,324,0.14399999999999996,0.054065224644427104,0.0
109,327,0.14399999999999996,0.0748180454723338,0.0
110,330,0.14399999999999996,0.09157761093897929,0.0
111,333,0.14399999999999996,0.09125866360804671,0.0
112,336,0.14399999999999996,0.09151115261845091,0.0
113,339,1.3180712908744812,0.0,0.1
114,342,1.319698944568634,0.0,0.1
115,345,1.319698944568634,0.0,0.1
116,348,1.3308071329593658,0.0,0.01
117,351,1.4630020774841308,0.0,0.09
118,354,1.3590499827861786,0.0,0.0
119,357,1.488437640666962,0.0,0.0
120,360,1.488437640666962,0.0,0.0
121,363,1.488809819698334,0.0,0.0
122,366,1.4921594309806827,0.0,0.0
123,369,1.4903444827079775,0.0,0.0
124,372,1.4364948889732363,0.0,0.0
125,375,1.3674772230148315,0.0,0.0
126,378,1.5304744820594787,0.0,0.0
127,381,1.3353487059116365,0.0,0.0
128,384,1.3996770628452302,0.0,0.0
129,387,1.599441002368927,0.0,0.0
130,390,1.3770906352043153,0.0,0.0
131,393,1.3020890519142152,0.0,0.0
132,396,1.3226212490558624,0.0,0.0
133,399,1.4985626406669614,0.0,0.0
134,402,1.3217955569744113,0.0,0.0
135,405,1.4636399960517885,0.0,0.0
136,408,1.3869618149757386,0.0,0.0
137,411,1.3042021412372589,0.0,0.0
138,414,1.3046469368934628,0.0,0.0
139,417,1.3046469368934628,0.0,0.0
140,420,1.3046469368934628,0.0,0.0
141,423,1.3046469368934628,0.0,0.0
142,426,1.3046469368934628,0.0,0.0
143,429,1.3046469368934628,0.0,0.0
144,432,0.14399999999999996,0.09646637483790657,0.0
145,435,0.14399999999999996,0.12406309578314863,0.0
146,438,0.14399999999999996,0.06450726370443438,0.0
147,441,0.14399999999999996,0.05916739154665002,0.0
148,444,0.14399999999999996,0.042864211560914,0.0
149,447,0.14399999999999996,0.024164786081686002,0.0
150,450,0.14399999999999996,0.046286592912115565,0.0
151,453,0.14399999999999996,0.02748277507798604,0.0
152,456,0.14399999999999996,0.03558760528185748,0.0
153,459,0.14399999999999996,0.030467172105942724,0.0
154,462,0.14399999999999996,0.05062471169337596,0.0
155,465,0.14399999999999996,0.08550734154893411,0.0
156,468,0.14399999999999996,0.08750426177519302,0.0
157,471,0.14399999999999996,0.08750426177519302,0.0
158,474,0.14399999999999996,0.08750426177519302,0.0
159,477,0.14399999999999996,0.08750426177519302,0.0
160,480,0.14399999999999996,0.08750426177519302,0.0
161,483,0.14399999999999996,0.08750426177519302,0.0
162,486,0.14399999999999996,0.09933143156719196,0.0
163,489,0.14399999999999996,0.10064235449818934,0.0
164,492,0.14399999999999996,0.10064235449818934,0.0
165,495,0.14399999999999996,0.10064235449818934,0.0
166,498,0.14399999999999996,0.10064235449818934,0.0
167,501,0.14399999999999996,0.10064235449818934,0.0
168,504,0.14399999999999996,0.10064235449818934,0.0
169,507,0.14399999999999996,0.10064235449818934,0.0
170,510,0.14399999999999996,0.10064235449818934,0.0
171,513,0.14399999999999996,0.10064235449818934,0.0
172,516,0.14399999999999996,0.10064235449818934,0.0
173,519,0.14399999999999996,0.10064235449818934,0.0
174,522,0.14399999999999996,0.10064235449818934,0.0
175,525,0.14399999999999996,0.10064235449818934,0.0
176,528,0.14399999999999996,0.10064235449818934,0.0
177,531,0.14399999999999996,0.10064235449818934,0.0
178,534,0.14399999999999996,0.10064235449818934,0.0
179,537,1.3346313381671906,0.0,0.1
180,540,1.3662679965019229,0.0,0.0
181,543,1.5347643513679503,0.0,0.0
182,546,1.3191403593063356,0.0,0.0
183,549,1.3938069467067717,0.0,0.0
184,552,1.4415361149787904,0.0,0.0
185,555,1.3499479807376862,0.0,0.0
186,558,1.4838554663658141,0.0,0.0
187,561,1.4833681188583374,0.0,0.0
188,564,1.4789819912910462,0.0,0.0
189,567,1.4789819912910462,0.0,0.0
190,570,1.4789819912910462,0.0,0.0
191,573,1.4789819912910462,0.0,0.0
192,576,1.4789819912910462,0.0,0.0
193,579,1.4789819912910462,0.0,0.0
194,582,1.4789819912910462,0.0,0.0
195,585,1.4789819912910462,0.0,0.0
196,588,1.4789819912910462,0.0,0.0
197,591,0.14399999999999996,0.07249590913859112,0.0
198,594,0.14399999999999996,0.07625317152779174,0.0
199,597,0.14399999999999996,0.05023535795749758,0.0
200,600,0.14399999999999996,0.042458490309347376,0.0
201,603,0.14399999999999996,0.04784722646411317,0.0
202,606,0.14399999999999996,0.09438143972144032,0.0
203,609,0.14399999999999996,0.12436633140144442,0.0
204,612,0.14399999999999996,0.12436633140144442,0.0
205,615,0.14399999999999996,0.12436633140144442,0.0
206,618,0.14399999999999996,0.12436633140144442,0.0
207,621,0.14399999999999996,0.12436633140144442,0.0
208,624,0.14399999999999996,0.12436633140144442,0.0
209,627,0.14399999999999996,0.12436633140144442,0.0
210,630,0.14399999999999996,0.12436633140144442,0.0
211,633,0.14399999999999996,0.12436633140144442,0.0
212,636,0.14399999999999996,0.12436633140144442,0.0
213,639,0.14399999999999996,0.12436633140144442,0.0
214,642,0.14399999999999996,0.12436633140144442,0.0
215,645,0.14399999999999996,0.12436633140144442,0.0
216,648,0.14399999999999996,0.12436633140144442,0.0
217,651,0.14399999999999996,0.12436633140144442,0.0
218,654,0.14399999999999996,0.12436633140144442,0.0
219,657,0.14399999999999996,0.12436633140144442,0.0
220,660,0.14399999999999996,0.12436633140144442,0.0
221,663,0.14399999999999996,0.12436633140144442,0.0
222,666,0.14399999999999996,0.12436633140144442,0.0
223,669,0.14399999999999996,0.12436633140144442,0.0
224,672,0.14399999999999996,0.12436633140144442,0.0
225,675,0.14399999999999996,0.12436633140144442,0.0
226,678,0.14399999999999996,0.12436633140144442,0.0
227,681,1.3252572275161747,0.0,0.1
228,684,1.4905987973213193,0.0,0.1
229,687,1.3608356812477114,0.0,0.0
230,690,1.4520990471839905,0.0,0.0
231,693,1.33350970659256,0.0,0.0
232,696,1.3073971336841586,0.0,0.0
233,699,1.3277459063529968,0.0,0.0
234,702,1.6261791689872744,0.0,0.0
235,705,1.634988425731659,0.0,0.0
236,708,1.7188520336151125,0.0,0.0
237,711,1.7188520336151125,0.0,0.0
238,714,1.7188520336151125,0.0,0.0
239,717,1.7188520336151125,0.0,0.0
240,720,0.14399999999999996,0.09822229341631236,0.0
241,723,0.14399999999999996,0.07980609611583026,0.0
242,726,0.14399999999999996,0.10789495418169415,0.0
243,729,0.14399999999999996,0.12278615355114639,0.0
244,732,0.14399999999999996,0.039304975656022804,0.0
245,735,0.14399999999999996,0.02745293104952941,0.0
246,738,0.14399999999999996,0.03643917013511645,0.0
247,741,0.14399999999999996,0.04252898559156809,0.0
248,744,0.14399999999999996,0.02344802366972725,0.0
249,747,0.14399999999999996,0.03671404915910938,0.0
250,750,0.14399999999999996,0.0810452778466038,0.0
251,753,0.14399999999999996,0.07499732598716613,0.0
252,756,0.14399999999999996,0.10654568800794562,0.0
253,759,0.14399999999999996,0.10654568800794562,0.0
254,762,0.14399999999999996,0.10654568800794562,0.0
255,765,0.14399999999999996,0.10654568800794562,0.0
256,768,0.14399999999999996,0.10654568800794562,0.0
257,771,0.14399999999999996,0.10654568800794562,0.0
258,774,0.14399999999999996,0.10654568800794562,0.0
259,777,0.14399999999999996,0.10654568800794562,0.0
260,780,0.14399999999999996,0.10654568800794562,0.0
261,783,0.14399999999999996,0.10654568800794562,0.0
262,786,0.14399999999999996,0.10654568800794562,0.0
263,789,0.14399999999999996,0.10654568800794562,0.0
264,792,0.14399999999999996,0.10654568800794562,0.0
265,795,0.14399999999999996,0.10654568800794562,0.0
266,798,0.14399999999999996,0.10654568800794562,0.0
267,801,0.14399999999999996,0.10654568800794562,0.0
268,804,0.14399999999999996,0.10654568800794562,0.0
269,807,0.14399999999999996,0.10654568800794562,0.0
270,810,0.14399999999999996,0.10654568800794562,0.0
271,813,0.14399999999999996,0.10654568800794562,0.0
272,816,0.14399999999999996,0.10654568800794562,0.0
273,819,0.14399999999999996,0.10654568800794562,0.0
274,822,0.14399999999999996,0.10654568800794562,0.0
275,825,0.2752829305171966,0.09589111920715106,0.01
276,828,1.4568293051719665,0.0,0.1
277,831,1.4568293051719665,0.0,0.1
278,834,1.6962530107498168,0.0,0.09
279,837,1.8772030105590818,0.0,0.0
280,840,1.8772030105590818,0.0,0.0
281,843,1.8772030105590818,0.0,0.0
282,846,1.8772030105590818,0.0,0.0
283,849,1.3061527092933656,0.0,0.0
284,852,1.3029837261199952,0.0,0.0
285,855,1.3030336976051333,0.0,0.0
286,858,1.3030336976051333,0.0,0.0
287,861,1.3030336976051333,0.0,0.0
288,864,1.3030336976051333,0.0,0.0
289,867,0.14399999999999996,0.09156242435312527,0.0
290,870,0.14399999999999996,0.06591023044847653,0.0
291,873,0.14399999999999996,0.06322861162693436,0.0
292,876,0.14399999999999996,0.06013148149922086,0.0
293,879,0.14399999999999996,0.029686783282025685,0.0
294,882,0.14399999999999996,0.02849754625521713,0.0
295,885,0.14399999999999996,0.03052300644898847,0.0
296,888,0.14399999999999996,0.016919568845137043,0.0
297,891,0.14399999999999996,0.027114959796982994,0.0
298,894,0.14399999999999996,0.04556067153189565,0.0
299,897,0.14399999999999996,0.074683168571229,0.0
300,900,0.14399999999999996,0.0758629108342813,0.0
301,903,0.14399999999999996,0.0758629108342813,0.0
302,906,0.14399999999999996,0.0758629108342813,0.0
303,909,0.14399999999999996,0.0758629108342813,0.0
304,912,0.14399999999999996,0.0758629108342813,0.0
305,915,0.14399999999999996,0.0758629108342813,0.0
306,918,0.14399999999999996,0.0758629108342813,0.0
307,921,0.14399999999999996,0.0758629108342813,0.0
308,924,0.14399999999999996,0.0758629108342813,0.0
309,927,0.14399999999999996,0.0758629108342813,0.0
310,930,0.14399999999999996,0.0758629108342813,0.0
311,933,0.14399999999999996,0.0758629108342813,0.0
312,936,0.14399999999999996,0.08160419216807868,0.0
313,939,0.14399999999999996,0.08172905825708668,0.0
314,942,0.14399999999999996,0.08172905825708668,0.0
315,945,0.14399999999999996,0.08172905825708668,0.0
316,948,0.14399999999999996,0.08172905825708668,0.0
317,951,0.14399999999999996,0.08172905825708668,0.0
318,954,0.14399999999999996,0.08172905825708668,0.0
319,957,0.14399999999999996,0.08172905825708668,0.0
320,960,0.14399999999999996,0.08172905825708668,0.0
321,963,0.14399999999999996,0.08172905825708668,0.0
322,966,0.14399999999999996,0.08172905825708668,0.0
323,969,0.2719759135723114,0.07355615243137802,0.01
324,972,1.3005990167856214,0.0,0.09
325,975,1.323004930257797,0.0,0.0
326,978,1.4150834632873537,0.0,0.0
327,981,1.45894148683548,0.0,0.0
328,984,1.569919306612015,0.0,0.0
329,987,1.2908838984489441,0.0,0.0
330,990,1.3972649093627927,0.0,0.0
331,993,1.4968915429115293,0.0,0.0
332,996,1.4968915429115293,0.0,0.0
333,999,1.4968915429115293,0.0,0.0
334,1002,1.4968915429115293,0.0,0.0
335,1005,1.4968915429115293,0.0,0.0
336,1008,0.14399999999999996,0.08371010797435312,0.0
337,1011,0.14399999999999996,0.0713906154351199,0.0
338,1014,0.14399999999999996,0.05364741387451102,0.0
339,1017,0.14399999999999996,0.029836935698568677,0.0
340,1020,0.14399999999999996,0.034719792203020426,0.0
341,1023,0.14399999999999996,0.02787469751902933,0.0
342,1026,0.14399999999999996,0.020489544949181787,0.0
343,1029,0.14399999999999996,0.034144645135150795,0.0
344,1032,0.14399999999999996,0.0469129490579888,0.0
345,1035,0.14399999999999996,0.04020687038413012,0.0
346,1038,0.14399999999999996,0.0792515444007027,0.0
347,1041,0.14399999999999996,0.06960120350943003,0.0
348,1044,0.14399999999999996,0.13655027839031803,0.0
349,1047,0.14399999999999996,0.13655027839031803,0.0
350,1050,0.14399999999999996,0.13655027839031803,0.0
351,1053,0.14399999999999996,0.13655027839031803,0.0
352,1056,0.14399999999999996,0.13655027839031803,0.0
353,1059,0.14399999999999996,0.13655027839031803,0.0
354,1062,0.14399999999999996,0.13655027839031803,0.0
355,1065,0.14399999999999996,0.13655027839031803,0.0
356,1068,0.14399999999999996,0.13655027839031803,0.0
357,1071,0.14399999999999996,0.08492128180869987,0.0
358,1074,0.14399999999999996,0.11381239667966739,0.0
359,1077,0.14399999999999996,0.11381239667966739,0.0
360,1080,0.14399999999999996,0.11381239667966739,0.0
361,1083,0.14399999999999996,0.11381239667966739,0.0
362,1086,1.323208346414566,0.0,0.1
363,1089,1.6270613136291505,0.0,0.1
364,1092,1.6270613136291505,0.0,0.1
365,1095,1.6270613136291505,0.0,0.1
366,1098,1.6270613136291505,0.0,0.1
367,1101,1.2867750222444534,0.0,0.01
368,1104,1.4129519619941713,0.0,0.0
369,1107,1.3225270108222964,0.0,0.0
370,1110,1.367234383535385,0.0,0.0
371,1113,1.4233761729240417,0.0,0.0
372,1116,1.294484809756279,0.0,0.0
373,1119,1.4868607077598572,0.0,0.0
374,1122,1.5113682103157047,0.0,0.0
375,1125,1.3271565340518952,0.0,0.0
376,1128,1.357161259174347,0.0,0.0
377,1131,1.3821366466999057,0.0,0.0
378,1134,1.2695675781011582,0.0,0.0
379,1137,1.343304102230072,0.0,0.0
380,1140,1.3126234527111054,0.0,0.0
381,1143,1.4618727250099184,0.0,0.0
382,1146,1.4618727250099184,0.0,0.0
383,1149,1.4618727250099184,0.0,0.0
384,1152,1.4618727250099184,0.0,0.0
385,1155,1.4618727250099184,0.0,0.0
386,1158,1.4618727250099184,0.0,0.0
387,1161,0.14399999999999996,0.08555029776452497,0.0
388,1164,0.14399999999999996,0.08997114028222399,0.0
389,1167,0.14399999999999996,0.06799172503889733,0.0
390,1170,0.14399999999999996,0.08305499366585015,0.0
391,1173,0.14399999999999996,0.04345336321387206,0.0
392,1176,0.14399999999999996,0.06617367968560216,0.0
393,1179,0.14399999999999996,0.0778625748235962,0.0
394,1182,0.14399999999999996,0.11390249611722773,0.0
395,1185,0.14399999999999996,0.11390249611722773,0.0
396,1188,0.14399999999999996,0.11390249611722773,0.0
397,1191,0.14399999999999996,0.11390249611722773,0.0
398,1194,0.14399999999999996,0.11390249611722773,0.0
399,1197,0.14399999999999996,0.11390249611722773,0.0
400,1200,0.14399999999999996,0.11390249611722773,0.0
401,1203,0.14399999999999996,0.11390249611722773,0.0
402,1206,1.2958493387460708,0.0,0.1
403,1209,1.324983809566498,0.0,0.04
404,1212,1.251934414601326,0.0,0.0
405,1215,1.2537755942344666,0.0,0.0
406,1218,1.35061244931221,0.0,0.0
407,1221,1.443121328830719,0.0,0.0
408,1224,1.3272577940940857,0.0,0.0
409,1227,1.3284067404270172,0.0,0.0
410,1230,1.3234619812488557,0.0,0.0
411,1233,1.3226188118934634,0.0,0.0
412,1236,1.3235277962207794,0.0,0.0
413,1239,1.2983753436326981,0.0,0.0
414,1242,1.8557657918930055,0.0,0.0
415,1245,1.3308049854755404,0.0,0.0
416,1248,1.29374208548069,0.0,0.0
417,1251,1.3759122304916382,0.0,0.0
418,1254,1.4236826914787293,0.0,0.0
419,1257,1.5047900463581085,0.0,0.0
420,1260,1.3861210132598878,0.0,0.0
421,1263,1.7619966908454896,0.0,0.0
422,1266,1.3217460914611816,0.0,0.0
423,1269,1.558789276456833,0.0,0.0
424,1272,1.4355978316783906,0.0,0.0
425,1275,1.4514211297988893,0.0,0.0
426,1278,1.396648998641968,0.0,0.0
427,1281,1.3255573229312898,0.0,0.0
428,1284,1.3018689348220824,0.0,0.0
429,1287,1.26093304002285,0.0,0.0
430,1290,1.2625372896194456,0.0,0.0
431,1293,1.2625372896194456,0.0,0.0
432,1296,1.2625372896194456,0.0,0.0
433,1299,1.2625372896194456,0.0,0.0
434,1302,1.2625372896194456,0.0,0.0
435,1305,1.2625372896194456,0.0,0.0
436,1308,1.2625372896194456,0.0,0.0
437,1311,1.2625372896194456,0.0,0.0
438,1314,0.14399999999999996,0.08496973443849716,0.0
439,1317,0.14399999999999996,0.0835485803458233,0.0
440,1320,0.14399999999999996,0.12056053897625078,0.0
441,1323,0.14399999999999996,0.12725720968604542,0.0
442,1326,0.14399999999999996,0.0813317508999534,0.0
443,1329,0.14399999999999996,0.07679515904045212,0.0
444,1332,0.14399999999999996,0.08084836953402011,0.0
445,1335,0.14399999999999996,0.08150637345123667,0.0
446,1338,0.14399999999999996,0.08150637345123667,0.0
447,1341,0.14399999999999996,0.08150637345123667,0.0
448,1344,0.14399999999999996,0.08150637345123667,0.0
449,1347,0.14399999999999996,0.08150637345123667,0.0
450,1350,1.2708839740991593,0.0,0.1
451,1353,1.3507452456951141,0.0,0.01
452,1356,1.294679010272026,0.0,0.0
453,1359,1.2625299453020096,0.0,0.0
454,1362,1.3132853837013245,0.0,0.0
455,1365,1.2580573795795442,0.0,0.0
456,1368,1.4041148690700531,0.0,0.0
457,1371,1.3763512480258941,0.0,0.0
458,1374,1.352377468585968,0.0,0.0
459,1377,1.9377241876602174,0.0,0.0
460,1380,1.3474101608276368,0.0,0.0
461,1383,1.4755514051914214,0.0,0.0
462,1386,1.517707431936264,0.0,0.0
463,1389,1.5915323331356048,0.0,0.0
464,1392,1.4763455763816835,0.0,0.0
465,1395,1.4545680201530458,0.0,0.0
466,1398,1.3598298554420472,0.0,0.0
467,1401,1.2861826546669008,0.0,0.0
468,1404,1.7210000813484192,0.0,0.0
469,1407,1.3304936196327208,0.0,0.0
470,1410,1.3853347908496858,0.0,0.0
471,1413,1.3657279931545259,0.0,0.0
472,1416,1.7023605319976807,0.0,0.0
473,1419,1.2793021145582202,0.0,0.0
474,1422,1.345106408929825,0.0,0.0
475,1425,1.3446933929443359,0.0,0.0
476,1428,1.4248105569362641,0.0,0.0
477,1431,1.4769361653327944,0.0,0.0
478,1434,1.4769361653327944,0.0,0.0
479,1437,1.4769361653327944,0.0,0.0
480,1440,1.4769361653327944,0.0,0.0
481,1443,0.14399999999999996,0.11618859392334066,0.0
482,1446,0.14399999999999996,0.1159386228011871,0.0
483,1449,0.14399999999999996,0.0853740551119845,0.0
484,1452,0.14399999999999996,0.06867020308738589,0.0
485,1455,0.14399999999999996,0.05375811447290888,0.0
486,1458,0.14399999999999996,0.055760026825089626,0.0
487,1461,0.14399999999999996,0.0678842876931871,0.0
488,1464,0.14399999999999996,0.06865283920626512,0.0
489,1467,0.14399999999999996,0.08955661810623523,0.0
490,1470,0.14399999999999996,0.12182463489565772,0.0
491,1473,0.14399999999999996,0.12182463489565772,0.0
492,1476,0.14399999999999996,0.12182463489565772,0.0
493,1479,0.14399999999999996,0.12182463489565772,0.0
494,1482,0.14399999999999996,0.12182463489565772,0.0
495,1485,0.14399999999999996,0.12182463489565772,0.0
496,1488,0.14399999999999996,0.12182463489565772,0.0
497,1491,0.14399999999999996,0.12182463489565772,0.0
498,1494,0.14399999999999996,0.13700900601570892,0.0
499,1497,0.14399999999999996,0.1160337140778138,0.0
500,1500,0.14399999999999996,0.1247710315513842,0.0
501,1503,0.14399999999999996,0.08197647643591435,0.0
502,1506,0.14399999999999996,0.11500480958456541,0.0
503,1509,0.14399999999999996,0.19379736840168268,0.0
504,1512,0.14399999999999996,0.12974439722209025,0.0
505,1515,0.14399999999999996,0.1896657197433677,0.0
506,1518,0.14399999999999996,0.1896657197433677,0.0
507,1521,0.14399999999999996,0.1896657197433677,0.0
508,1524,0.14399999999999996,0.12669041450800356,0.0
509,1527,0.14399999999999996,0.12695257376938646,0.0
510,1530,0.14399999999999996,0.12695257376938646,0.0
511,1533,0.14399999999999996,0.12695257376938646,0.0
512,1536,0.14399999999999996,0.12695257376938646,0.0
513,1539,0.14399999999999996,0.12695257376938646,0.0
514,1542,0.14399999999999996,0.12695257376938646,0.0
515,1545,0.14399999999999996,0.12695257376938646,0.0
516,1548,0.14399999999999996,0.12695257376938646,0.0
517,1551,0.14399999999999996,0.12695257376938646,0.0
518,1554,0.14399999999999996,0.12695257376938646,0.0
519,1557,0.14399999999999996,0.12695257376938646,0.0
520,1560,0.14399999999999996,0.12695257376938646,0.0
521,1563,0.14399999999999996,0.12695257376938646,0.0
522,1566,0.14399999999999996,0.12695257376938646,0.0
523,1569,0.14399999999999996,0.12695257376938646,0.0
524,1572,0.14399999999999996,0.12695257376938646,0.0
525,1575,0.14399999999999996,0.12695257376938646,0.0
526,1578,0.14399999999999996,0.12695257376938646,0.0
527,1581,0.14399999999999996,0.12695257376938646,0.0
528,1584,0.14399999999999996,0.11819361894916272,0.0
529,1587,0.14399999999999996,0.12607246801107133,0.0
530,1590,0.14399999999999996,0.107190751919371,0.0
531,1593,0.14399999999999996,0.054670719047247705,0.0
532,1596,0.14399999999999996,0.07234951210360754,0.0
533,1599,0.14399999999999996,0.051379489806705404,0.0
534,1602,0.14399999999999996,0.05501966929157072,0.0
535,1605,0.14399999999999996,0.0820421396227083,0.0
536,1608,0.14399999999999996,0.05033984100464749,0.0
537,1611,0.14399999999999996,0.060007297884649355,0.0
538,1614,0.14399999999999996,0.09760883958029273,0.0
539,1617,0.14399999999999996,0.09749486213826501,0.0
540,1620,0.14399999999999996,0.1372148047843889,0.0
541,1623,0.14399999999999996,0.1384689844286649,0.0
542,1626,0.14399999999999996,0.11428062098601743,0.0
543,1629,0.14399999999999996,0.12121575175438308,0.0
544,1632,0.14399999999999996,0.13293521978643638,0.0
545,1635,0.14399999999999996,0.08721155169523329,0.0
546,1638,0.14399999999999996,0.11880620526340872,0.0
547,1641,0.14399999999999996,0.18312271868818977,0.0
548,1644,0.14399999999999996,0.09073385090932067,0.0
549,1647,0.14399999999999996,0.09575839030230568,0.0
550,1650,0.14399999999999996,0.12908526046713206,0.0
551,1653,0.14399999999999996,0.12993923701739166,0.0
552,1656,0.14399999999999996,0.12993923701739166,0.0
553,1659,0.14399999999999996,0.12993923701739166,0.0
554,1662,0.14399999999999996,0.13542312305862084,0.0
555,1665,0.14399999999999996,0.13697578000501548,0.0
556,1668,0.14399999999999996,0.13282550078883,0.0
557,1671,0.14399999999999996,0.13260274849430903,0.0
558,1674,0.14399999999999996,0.13260274849430903,0.0
559,1677,0.14399999999999996,0.13260274849430903,0.0
560,1680,0.14399999999999996,0.13260274849430903,0.0
561,1683,0.14399999999999996,0.13260274849430903,0.0
562,1686,0.14399999999999996,0.13260274849430903,0.0
563,1689,0.14399999999999996,0.13260274849430903,0.0
564,1692,0.14399999999999996,0.13260274849430903,0.0
565,1695,0.14399999999999996,0.13260274849430903,0.0
566,1698,0.14399999999999996,0.13260274849430903,0.0
567,1701,0.14399999999999996,0.13260274849430903,0.0
568,1704,0.14399999999999996,0.13260274849430903,0.0
569,1707,0.14399999999999996,0.13260274849430903,0.0
570,1710,0.14399999999999996,0.13260274849430903,0.0
571,1713,0.14399999999999996,0.13260274849430903,0.0
572,1716,0.14399999999999996,0.13260274849430903,0.0
573,1719,0.14399999999999996,0.13260274849430903,0.0
574,1722,0.14399999999999996,0.13260274849430903,0.0
575,1725,0.14399999999999996,0.13260274849430903,0.0
576,1728,0.14399999999999996,0.09188299213713515,0.0
577,1731,0.14399999999999996,0.142141445653061,0.0
578,1734,0.14399999999999996,0.08067572024805625,0.0
579,1737,0.14399999999999996,0.05448790364247959,0.0
580,1740,0.14399999999999996,0.038053476440697155,0.0
581,1743,0.14399999999999996,0.037576387997872676,0.0
582,1746,0.14399999999999996,0.06098172272278494,0.0
583,1749,0.14399999999999996,0.06225440164518492,0.0
584,1752,0.14399999999999996,0.03667934343267445,0.0
585,1755,0.14399999999999996,0.05039930710649243,0.0
586,1758,0.14399999999999996,0.0594756804259439,0.0
587,1761,0.14399999999999996,0.10160328858748065,0.0
588,1764,0.14399999999999996,0.10160328858748065,0.0
589,1767,0.14399999999999996,0.10160328858748065,0.0
590,1770,0.14399999999999996,0.10160328858748065,0.0
591,1773,0.14399999999999996,0.10160328858748065,0.0
592,1776,0.14399999999999996,0.10160328858748065,0.0
593,1779,0.14399999999999996,0.10160328858748065,0.0
594,1782,0.14399999999999996,0.10160328858748065,0.0
595,1785,0.14399999999999996,0.10160328858748065,0.0
596,1788,0.14399999999999996,0.10160328858748065,0.0
597,1791,0.14399999999999996,0.10160328858748065,0.0
598,1794,0.14399999999999996,0.10160328858748065,0.0
599,1797,0.14399999999999996,0.10160328858748065,0.0
600,1800,0.14399999999999996,0.10160328858748065,0.0
601,1803,0.14399999999999996,0.10160328858748065,0.0
602,1806,0.14399999999999996,0.10160328858748065,0.0
603,1809,0.14399999999999996,0.10160328858748065,0.0
604,1812,0.14399999999999996,0.10160328858748065,0.0
605,1815,0.14399999999999996,0.10160328858748065,0.0
606,1818,0.14399999999999996,0.10160328858748065,0.0
607,1821,0.14399999999999996,0.10160328858748065,0.0
608,1824,0.14399999999999996,0.10160328858748065,0.0
609,1827,1.2580834796190261,0.0,0.1
610,1830,1.271854576921463,0.0,0.1
611,1833,1.315176239347458,0.0,0.0
612,1836,1.3824970029830932,0.0,0.0
613,1839,1.289288698410988,0.0,0.0
614,1842,1.2765931873083116,0.0,0.0
615,1845,1.3206559382915497,0.0,0.0
616,1848,1.3251604053497317,0.0,0.0
617,1851,1.2919770526885987,0.0,0.0
618,1854,1.3213246438980104,0.0,0.0
619,1857,1.4159487833976745,0.0,0.0
620,1860,1.4248295366764068,0.0,0.0
621,1863,1.550506257534027,0.0,0.0
622,1866,1.550506257534027,0.0,0.0
623,1869,1.4098556317806243,0.012322620496095704,0.0
624,1872,0.14399999999999996,0.12322620496095701,0.0
625,1875,0.14399999999999996,0.12322620496095701,0.0
626,1878,0.14399999999999996,0.12322620496095701,0.0
627,1881,0.14399999999999996,0.0534748305979534,0.0
628,1884,0.14399999999999996,0.03168296616432684,0.0
629,1887,0.14399999999999996,0.013424596217159615,0.0
630,1890,0.14399999999999996,0.002028472822461578,0.0
631,1893,0.14399999999999996,0.02690702498088421,0.0
632,1896,0.14399999999999996,0.037827719835550944,0.0
633,1899,0.14399999999999996,0.061034898101363685,0.0
634,1902,0.14399999999999996,0.05386837588147965,0.0
635,1905,0.14399999999999996,0.09150683400663094,0.0
636,1908,0.14399999999999996,0.09150683400663094,0.0
637,1911,0.14399999999999996,0.09150683400663094,0.0
638,1914,0.14399999999999996,0.09150683400663094,0.0
639,1917,0.14399999999999996,0.09150683400663094,0.0
640,1920,0.14399999999999996,0.09150683400663094,0.0
641,1923,0.14399999999999996,0.09150683400663094,0.0
642,1926,0.14399999999999996,0.09150683400663094,0.0
643,1929,0.14399999999999996,0.09150683400663094,0.0
644,1932,0.14399999999999996,0.09150683400663094,0.0
645,1935,0.14399999999999996,0.09150683400663094,0.0
646,1938,0.14399999999999996,0.09150683400663094,0.0
647,1941,0.14399999999999996,0.09150683400663094,0.0
648,1944,0.14399999999999996,0.09150683400663094,0.0
649,1947,0.14399999999999996,0.09150683400663094,0.0
650,1950,1.350378099346161,0.0,0.1
651,1953,1.4010141148567201,0.0,0.1
652,1956,1.4010141148567201,0.0,0.1
653,1959,1.4010141148567201,0.0,0.1
654,1962,1.4010141148567201,0.0,0.1
655,1965,1.4010141148567201,0.0,0.1
656,1968,1.4010141148567201,0.0,0.1
657,1971,1.4010141148567201,0.0,0.1
658,1974,1.4010141148567201,0.0,0.1
659,1977,1.314709316110611,0.0,0.0
660,1980,1.287959575867653,0.0,0.0
661,1983,1.3979594736099243,0.0,0.0
662,1986,1.3347985406398772,0.0,0.0
663,1989,1.354794310998917,0.0,0.0
664,1992,1.3914060057163238,0.0,0.0
665,1995,1.355584673881531,0.0,0.0
666,1998,1.3918082726955414,0.0,0.0
667,2001,1.3605316114425658,0.0,0.0
668,2004,1.2698243878126145,0.0,0.0
669,2007,1.4194761375904084,0.0,0.0
670,2010,1.5292664065361026,0.0,0.0
671,2013,1.5292664065361026,0.0,0.0
672,2016,1.5292664065361026,0.0,0.0
673,2019,1.5292664065361026,0.0,0.0
674,2022,1.5292664065361026,0.0,0.0
675,2025,0.14399999999999996,0.06021505827868349,0.0
676,2028,0.14399999999999996,0.06560920017521672,0.0
677,2031,0.14399999999999996,0.034674634890717634,0.0
678,2034,0.14399999999999996,0.04185009074239003,0.0
679,2037,0.14399999999999996,0.04642480125257448,0.0
680,2040,0.14399999999999996,0.05596974544760395,0.0
681,2043,0.14399999999999996,0.08554806356073821,0.0
682,2046,0.14399999999999996,0.08975905352348403,0.0
683,2049,0.14399999999999996,0.08975905352348403,0.0
684,2052,0.14399999999999996,0.08975905352348403,0.0
685,2055,0.14399999999999996,0.08975905352348403,0.0
686,2058,0.14399999999999996,0.08975905352348403,0.0
687,2061,0.14399999999999996,0.08975905352348403,0.0
688,2064,0.14399999999999996,0.08975905352348403,0.0
689,2067,0.14399999999999996,0.08975905352348403,0.0
690,2070,0.14399999999999996,0.08975905352348403,0.0
691,2073,0.14399999999999996,0.08975905352348403,0.0
692,2076,0.14399999999999996,0.08975905352348403,0.0
693,2079,0.14399999999999996,0.08975905352348403,0.0
694,2082,0.14399999999999996,0.08975905352348403,0.0
695,2085,0.14399999999999996,0.08975905352348403,0.0
696,2088,0.14399999999999996,0.08975905352348403,0.0
697,2091,0.14399999999999996,0.08975905352348403,0.0
698,2094,0.14399999999999996,0.08975905352348403,0.0
699,2097,0.14399999999999996,0.08975905352348403,0.0
700,2100,0.14399999999999996,0.08975905352348403,0.0
701,2103,0.14399999999999996,0.08975905352348403,0.0
702,2106,0.14399999999999996,0.08975905352348403,0.0
703,2109,0.14399999999999996,0.08975905352348403,0.0
704,2112,0.14399999999999996,0.08975905352348403,0.0
705,2115,0.14399999999999996,0.08975905352348403,0.0
706,2118,0.14399999999999996,0.08975905352348403,0.0
707,2121,1.2675727664709089,0.0,0.1
708,2124,1.711461259460449,0.0,0.01
709,2127,1.2700984546422958,0.0,0.0
710,2130,1.301903819847107,0.0,0.0
711,2133,1.3666698502063752,0.0,0.0
712,2136,1.3546823598861697,0.0,0.0
713,2139,1.342197761821747,0.0,0.0
714,2142,1.265058201956749,0.0,0.0
715,2145,1.3581505308151245,0.0,0.0
716,2148,1.4897808995246888,0.0,0.0
717,2151,1.4897808995246888,0.0,0.0
718,2154,1.4897808995246888,0.0,0.0
719,2157,1.4897808995246888,0.0,0.0
720,2160,1.4897808995246888,0.0,0.0
721,2163,1.4897808995246888,0.0,0.0
722,2166,1.4897808995246888,0.0,0.0
723,2169,1.4897808995246888,0.0,0.0
724,2172,1.35520280957222,0.013044367821265127,0.0
725,2175,0.14399999999999996,0.06457434219409,0.0
726,2178,0.14399999999999996,0.08504161120405622,0.0
727,2181,0.14399999999999996,0.08775468422048552,0.0
728,2184,0.14399999999999996,0.048459645625810545,0.0
729,2187,0.14399999999999996,0.04603521323044699,0.0
730,2190,0.14399999999999996,0.034974156509837186,0.0
731,2193,0.14399999999999996,0.07327144339066922,0.0
732,2196,0.14399999999999996,0.128002055362305,0.0
733,2199,0.14399999999999996,0.128002055362305,0.0
734,2202,0.14399999999999996,0.128002055362305,0.0
735,2205,0.14399999999999996,0.128002055362305,0.0
736,2208,0.14399999999999996,0.128002055362305,0.0
737,2211,0.273674596452713,0.11520184982607451,0.01
738,2214,1.288362962937355,0.0,0.09
739,2217,1.380859403657913,0.0,0.0
740,2220,1.2860519767999647,0.0,0.0
741,2223,1.2646166313886642,0.0,0.0
742,2226,1.2799419469356539,0.0,0.0
743,2229,1.3005053443908694,0.0,0.0
744,2232,1.3612467853546142,0.0,0.0
745,2235,1.501998460292816,0.0,0.0
746,2238,1.501998460292816,0.0,0.0
747,2241,1.4941273527145384,0.0,0.0
748,2244,1.3240005555152894,0.0,0.0
749,2247,1.3512006744861602,0.0,0.0
750,2250,1.4995643105506897,0.0,0.0
751,2253,1.2949303045034408,0.0,0.0
752,2256,1.3194823499679567,0.0,0.0
753,2259,1.3054969388008117,0.0,0.0
754,2262,1.4059282608032224,0.0,0.0
755,2265,1.3207641119956972,0.0,0.0
756,2268,1.343940479707718,0.0,0.0
757,2271,1.332486762714386,0.0,0.0
758,2274,1.3611444786071778,0.0,0.0
759,2277,1.3419326827526095,0.0,0.0
760,2280,1.4239821959495544,0.0,0.0
761,2283,1.3447305567741394,0.0,0.0
762,2286,1.301451355433464,0.0,0.0
763,2289,1.4586307196617125,0.0,0.0
764,2292,1.4586307196617125,0.0,0.0
765,2295,1.4586307196617125,0.0,0.0
766,2298,1.4586307196617125,0.0,0.0
767,2301,1.4586307196617125,0.0,0.0
768,2304,1.4586307196617125,0.0,0.0
769,2307,0.669852287864685,0.06668882602577342,0.0
770,2310,0.14399999999999996,0.08732492274776289,0.0
771,2313,0.14399999999999996,0.05870809949525048,0.0
772,2316,0.14399999999999996,0.06551107984238407,0.0
773,2319,0.14399999999999996,0.08106536859049115,0.0
774,2322,0.14399999999999996,0.06706653801523779,0.0
775,2325,0.14399999999999996,0.10547042499325836,0.0
776,2328,0.14399999999999996,0.05554620055852292,0.0
777,2331,0.14399999999999996,0.04087822427319531,0.0
778,2334,0.14399999999999996,0.07435214306776769,0.0
779,2337,0.14399999999999996,0.06553349661090288,0.0
780,2340,0.14399999999999996,0.1075694305568355,0.0
781,2343,0.14399999999999996,0.057853430342711044,0.0
782,2346,0.14399999999999996,0.09060499445237356,0.0
783,2349,0.14399999999999996,0.09060499445237356,0.0
784,2352,1.3301832232475281,0.0,0.1
785,2355,1.3310438389778134,0.0,0.1
786,2358,1.3310438389778134,0.0,0.1
787,2361,1.3310438389778134,0.0,0.1
788,2364,1.3478627662181855,0.0,0.0
789,2367,1.444058323144913,0.0,0.01
790,2370,1.3542821245193482,0.0,0.0
791,2373,1.4674842238426211,0.0,0.0
792,2376,1.3375602898120884,0.0,0.0
793,2379,1.4333161417007445,0.0,0.0
794,2382,1.4438236757755278,0.0,0.0
795,2385,1.4868236907005312,0.0,0.0
796,2388,1.3712801889896393,0.0,0.0
797,2391,1.5348250679969788,0.0,0.0
798,2394,1.4399688998222353,0.0,0.0
799,2397,1.5884889893531802,0.0,0.0
800,2400,1.3326127806186676,0.0,0.0
801,2403,1.5142659848213198,0.0,0.0
802,2406,1.3565107840061192,0.0,0.0
803,2409,1.3029193827152254,0.0,0.0
804,2412,1.3399680208683016,0.0,0.0
805,2415,1.3411270093917849,0.0,0.0
806,2418,1.3411270093917849,0.0,0.0
807,2421,1.3411270093917849,0.0,0.0
808,2424,1.3349242959022523,0.0,0.0
809,2427,1.308906841850281,0.0,0.0
810,2430,1.3347640573024748,0.0,0.0
811,2433,1.3348068408966065,0.0,0.0
812,2436,1.3348068408966065,0.0,0.0
813,2439,1.428593098640442,0.0,0.0
814,2442,1.464744791507721,0.0,0.0
815,2445,0.14399999999999996,0.09771381582704786,0.0
816,2448,0.14399999999999996,0.09347856421616549,0.0
817,2451,0.14399999999999996,0.12397747709305111,0.0
818,2454,0.14399999999999996,0.0740185995004449,0.0
819,2457,0.14399999999999996,0.10818807287141181,0.0
820,2460,0.14399999999999996,0.06295285862100908,0.0
821,2463,0.14399999999999996,0.0401940237295195,0.0
822,2466,0.14399999999999996,0.051674182273949806,0.0
823,2469,0.14399999999999996,0.04098763236139994,0.0
824,2472,0.14399999999999996,0.06626665510112455,0.0
825,2475,0.14399999999999996,0.03901187397591228,0.0
826,2478,0.14399999999999996,0.04972121933351831,0.0
827,2481,0.14399999999999996,0.09027292283663031,0.0
828,2484,0.14399999999999996,0.13433200009651908,0.0
829,2487,0.14399999999999996,0.13433200009651908,0.0
830,2490,0.14399999999999996,0.13433200009651908,0.0
831,2493,0.14399999999999996,0.13433200009651908,0.0
832,2496,0.14399999999999996,0.13433200009651908,0.0
833,2499,0.14399999999999996,0.13433200009651908,0.0
834,2502,0.14399999999999996,0.09646972587125044,0.0
835,2505,0.14399999999999996,0.09627017169983666,0.0
836,2508,0.14399999999999996,0.09627017169983666,0.0
837,2511,0.14399999999999996,0.10214621979378058,0.0
838,2514,0.14399999999999996,0.15503065263927596,0.0
839,2517,0.14399999999999996,0.15503065263927596,0.0
840,2520,0.14399999999999996,0.15503065263927596,0.0
841,2523,0.14399999999999996,0.15503065263927596,0.0
842,2526,0.14399999999999996,0.15503065263927596,0.0
843,2529,0.14399999999999996,0.15503065263927596,0.0
844,2532,0.14399999999999996,0.15503065263927596,0.0
845,2535,0.14399999999999996,0.15503065263927596,0.0
846,2538,0.14399999999999996,0.15503065263927596,0.0
847,2541,0.14399999999999996,0.15503065263927596,0.0
848,2544,0.14399999999999996,0.15503065263927596,0.0
849,2547,0.2792959907054901,0.13952758737534837,0.01
850,2550,1.4969599070549011,0.0,0.1
851,2553,1.4934589213371277,0.0,0.09
852,2556,1.4619500498771667,0.0,0.0
853,2559,1.3098953410148622,0.0,0.1
854,2562,1.310259208202362,0.0,0.1
855,2565,1.371670783853531,0.0,0.0
856,2568,1.34988369140625,0.0,0.0
857,2571,1.3962237389087677,0.0,0.0
858,2574,1.5209955039024354,0.0,0.0
859,2577,1.515838383293152,0.0,0.0
860,2580,1.469424297809601,0.0,0.0
861,2583,1.469424297809601,0.0,0.0
862,2586,1.469424297809601,0.0,0.0
863,2589,1.469424297809601,0.0,0.0
864,2592,1.469424297809601,0.0,0.0
865,2595,0.14399999999999996,0.0955551028268142,0.0
866,2598,0.14399999999999996,0.0896962864310107,0.0
867,2601,0.14399999999999996,0.058912714304883027,0.0
868,2604,0.14399999999999996,0.04424646616539564,0.0
869,2607,0.14399999999999996,0.025266585709685107,0.0
870,2610,0.14399999999999996,0.028352343227907178,0.0
871,2613,0.14399999999999996,0.024544425245133526,0.0
872,2616,0.14399999999999996,0.05720092752597485,0.0
873,2619,0.14399999999999996,0.047195315195679335,0.0
874,2622,0.14399999999999996,0.07099471282905026,0.0
875,2625,0.14399999999999996,0.07099471282905026,0.0
876,2628,0.14399999999999996,0.07099471282905026,0.0
877,2631,0.14399999999999996,0.07099471282905026,0.0
878,2634,0.14399999999999996,0.07099471282905026,0.0
879,2637,0.14399999999999996,0.07099471282905026,0.0
880,2640,0.14399999999999996,0.07099471282905026,0.0
881,2643,0.14399999999999996,0.07099471282905026,0.0
882,2646,0.14399999999999996,0.07099471282905026,0.0
883,2649,0.14399999999999996,0.07099471282905026,0.0
884,2652,0.14399999999999996,0.07099471282905026,0.0
885,2655,0.14399999999999996,0.07099471282905026,0.0
886,2658,0.14399999999999996,0.07099471282905026,0.0
887,2661,0.14399999999999996,0.07099471282905026,0.0
888,2664,0.14399999999999996,0.07099471282905026,0.0
889,2667,0.14399999999999996,0.07099471282905026,0.0
890,2670,0.14399999999999996,0.07099471282905026,0.0
891,2673,0.14399999999999996,0.07099471282905026,0.0
892,2676,0.14399999999999996,0.07099471282905026,0.0
893,2679,0.14399999999999996,0.07099471282905026,0.0
894,2682,0.14399999999999996,0.07099471282905026,0.0
895,2685,0.14399999999999996,0.07099471282905026,0.0
896,2688,0.14399999999999996,0.07099471282905026,0.0
897,2691,0.14399999999999996,0.07099471282905026,0.0
898,2694,1.3088872209548952,0.0,0.1
899,2697,1.3103064064979555,0.0,0.1
900,2700,1.363631979417801,0.0,0.01
901,2703,1.3502159604549406,0.0,0.0
902,2706,1.3724716408252715,0.0,0.0
903,2709,1.4424143586158753,0.0,0.0
904,2712,1.3787823503494265,0.0,0.0
905,2715,1.364309707546234,0.0,0.0
906,2718,1.5151652398109436,0.0,0.0
907,2721,1.5151652398109436,0.0,0.0
908,2724,1.5151652398109436,0.0,0.0
909,2727,1.5151652398109436,0.0,0.0
910,2730,1.5151652398109436,0.0,0.0
911,2733,1.5151652398109436,0.0,0.0
912,2736,1.5151652398109436,0.0,0.0
913,2739,0.14399999999999996,0.09236338607738519,0.0
914,2742,0.14399999999999996,0.07053434771030306,0.0
915,2745,0.14399999999999996,0.042227798879163794,0.0
916,2748,0.14399999999999996,0.019081558858306147,0.0
917,2751,0.14399999999999996,0.023993412289227873,0.0
918,2754,0.14399999999999996,0.03356085398390984,0.0
919,2757,0.14399999999999996,0.01173453672157024,0.0
920,2760,0.14399999999999996,0.027537389471814465,0.0
921,2763,0.14399999999999996,0.0437219641880435,0.0
922,2766,0.14399999999999996,0.059907670525477595,0.0
923,2769,0.14399999999999996,0.08024047512687847,0.0
924,2772,0.14399999999999996,0.1344824332166283,0.0
925,2775,0.14399999999999996,0.1344824332166283,0.0
926,2778,0.14399999999999996,0.1344824332166283,0.0
927,2781,0.14399999999999996,0.1344824332166283,0.0
928,2784,0.14399999999999996,0.1344824332166283,0.0
929,2787,0.14399999999999996,0.1344824332166283,0.0
930,2790,0.14399999999999996,0.1344824332166283,0.0
931,2793,0.14399999999999996,0.1344824332166283,0.0
932,2796,0.14399999999999996,0.1344824332166283,0.0
933,2799,0.14399999999999996,0.1344824332166283,0.0
934,2802,0.14399999999999996,0.1344824332166283,0.0
935,2805,0.14399999999999996,0.1344824332166283,0.0
936,2808,0.14399999999999996,0.1344824332166283,0.0
937,2811,0.14399999999999996,0.1344824332166283,0.0
938,2814,0.14399999999999996,0.1344824332166283,0.0
939,2817,0.14399999999999996,0.1344824332166283,0.0
940,2820,0.14399999999999996,0.1344824332166283,0.0
941,2823,0.14399999999999996,0.1344824332166283,0.0
942,2826,0.14399999999999996,0.1344824332166283,0.0
943,2829,0.14399999999999996,0.1344824332166283,0.0
944,2832,0.14399999999999996,0.1344824332166283,0.0
945,2835,0.14399999999999996,0.1344824332166283,0.0
946,2838,0.14399999999999996,0.1344824332166283,0.0
947,2841,0.14399999999999996,0.1344824332166283,0.0
948,2844,1.336561084127426,0.0,0.1
949,2847,1.393670384502411,0.0,0.0
950,2850,1.4971958985328675,0.0,0.0
951,2853,1.3324219596862792,0.0,0.0
952,2856,1.3113287941932679,0.0,0.0
953,2859,1.3158049693107607,0.0,0.0
954,2862,1.3158049693107607,0.0,0.0
955,2865,1.3158049693107607,0.0,0.0
956,2868,1.3158049693107607,0.0,0.0
957,2871,1.3158049693107607,0.0,0.0
958,2874,1.3158049693107607,0.0,0.0
959,2877,1.3158049693107607,0.0,0.0
960,2880,0.14399999999999996,0.08548329182486998,0.0
961,2883,0.14399999999999996,0.08642830112628287,0.0
962,2886,0.14399999999999996,0.08246631106181354,0.0
963,2889,0.14399999999999996,0.0760673113261829,0.0
964,2892,0.14399999999999996,0.10916228657028434,0.0
965,2895,0.14399999999999996,0.08702303163922132,0.0
966,2898,0.14399999999999996,0.055526363444623285,0.0
967,2901,0.14399999999999996,0.04818070657899156,0.0
968,2904,0.14399999999999996,0.031037681409876998,0.0
969,2907,0.14399999999999996,0.0818091663995846,0.0
970,2910,0.14399999999999996,0.07565022311873701,0.0
971,2913,0.14399999999999996,0.11186924431981751,0.0
972,2916,0.14399999999999996,0.11186924431981751,0.0
973,2919,0.14399999999999996,0.11186924431981751,0.0
974,2922,0.14399999999999996,0.11186924431981751,0.0
975,2925,0.14399999999999996,0.11186924431981751,0.0
976,2928,0.14399999999999996,0.11186924431981751,0.0
977,2931,0.14399999999999996,0.11186924431981751,0.0
978,2934,0.14399999999999996,0.11186924431981751,0.0
979,2937,0.14399999999999996,0.11186924431981751,0.0
980,2940,0.14399999999999996,0.11186924431981751,0.0
981,2943,0.14399999999999996,0.11186924431981751,0.0
982,2946,0.14399999999999996,0.11186924431981751,0.0
983,2949,0.14399999999999996,0.11186924431981751,0.0
984,2952,0.14399999999999996,0.11186924431981751,0.0
985,2955,0.14399999999999996,0.11186924431981751,0.0
986,2958,0.14399999999999996,0.11186924431981751,0.0
987,2961,0.14399999999999996,0.11186924431981751,0.0
988,2964,0.14399999999999996,0.11186924431981751,0.0
989,2967,0.14399999999999996,0.11186924431981751,0.0
990,2970,1.3318511055707931,0.0,0.1
991,2973,1.7197574877262116,0.0,0.09
992,2976,0.70893701877594,0.04491089125159963,0.0
993,2979,1.3133558972597121,0.0,0.01
994,2982,1.6013602967262268,0.0,0.0
995,2985,1.316617923259735,0.0,0.01
996,2988,1.419173319196701,0.0,0.0
997,2991,1.3668677508831026,0.0,0.0
998,2994,1.340496888971329,0.0,0.0
999,2997,1.3287461471557618,0.0,0.0
1000,3000,1.3886246510982514,0.0,0.0
1001,3003,1.3892334627628327,0.0,0.0
1002,3006,1.3228365381717684,0.0,0.0
1003,3009,1.4558298754692078,0.0,0.0
1004,3012,1.3275735862255096,0.0,0.0
1005,3015,1.2740871605873108,0.0,0.0
1006,3018,1.2740871605873108,0.0,0.0
1007,3021,1.2740871605873108,0.0,0.0
1008,3024,1.2740871605873108,0.0,0.0
1009,3027,1.2740871605873108,0.0,0.0
1010,3030,0.14399999999999996,0.08737160802490265,0.0
1011,3033,0.14399999999999996,0.07139070669981942,0.0
1012,3036,0.14399999999999996,0.0517521055719102,0.0
1013,3039,0.14399999999999996,0.06693474231613096,0.0
1014,3042,0.14399999999999996,0.03900053649323069,0.0
1015,3045,0.14399999999999996,0.022083628541218793,0.0
1016,3048,0.14399999999999996,0.03531303888725587,0.0
1017,3051,0.14399999999999996,0.04988815137769522,0.0
1018,3054,0.14399999999999996,0.06505698160258336,0.0
1019,3057,0.14399999999999996,0.09852608008958462,0.0
1020,3060,0.14399999999999996,0.09852608008958462,0.0
1021,3063,0.2781425215244293,0.08867347208062616,0.01
1022,3066,1.4854252152442933,0.0,0.1
1023,3069,1.4854252152442933,0.0,0.1
1024,3072,1.4854252152442933,0.0,0.1
1025,3075,1.4854252152442933,0.0,0.1
1026,3078,1.4854252152442933,0.0,0.1
1027,3081,1.4854252152442933,0.0,0.1
1028,3084,1.4854252152442933,0.0,0.1
1029,3087,1.4854252152442933,0.0,0.1
1030,3090,1.4854252152442933,0.0,0.1
1031,3093,1.4854252152442933,0.0,0.1
1032,3096,1.4854252152442933,0.0,0.1
1033,3099,1.4854252152442933,0.0,0.1
1034,3102,1.4854252152442933,0.0,0.1
1035,3105,1.4854252152442933,0.0,0.1
1036,3108,1.4854252152442933,0.0,0.1
1037,3111,1.4854252152442933,0.0,0.1
1038,3114,1.4854252152442933,0.0,0.1
1039,3117,1.4854252152442933,0.0,0.1
1040,3120,1.3246309926509858,0.0,0.1
1041,3123,1.328121677398682,0.0,0.1
1042,3126,1.380168968296051,0.0,0.0
1043,3129,1.323744344472885,0.0,0.0
1044,3132,1.397258466911316,0.0,0.0
1045,3135,1.3912875889778138,0.0,0.0
1046,3138,1.3149186262607573,0.0,0.0
1047,3141,1.4445138407707214,0.0,0.0
1048,3144,1.3381746092319489,0.0,0.0
1049,3147,1.3340864180088043,0.0,0.0
1050,3150,1.3473186610221863,0.0,0.0
1051,3153,1.3878396337509156,0.0,0.0
1052,3156,1.3054946445465088,0.0,0.0
1053,3159,1.2711190192937851,0.0,0.0
1054,3162,1.2707499861717224,0.0,0.0
1055,3165,1.2707499861717224,0.0,0.0
1056,3168,1.1580749875545502,0.011796422784926746,0.0
1057,3171,0.14399999999999996,0.11802279073444248,0.0
1058,3174,0.14399999999999996,0.11913035250886599,0.0
1059,3177,0.14399999999999996,0.12463379737919851,0.0
1060,3180,0.14399999999999996,0.08202629507835593,0.0
1061,3183,0.14399999999999996,0.08089054806008847,0.0
1062,3186,0.14399999999999996,0.09557390300927404,0.0
1063,3189,0.14399999999999996,0.08340946447214274,0.0
1064,3192,0.14399999999999996,0.036240894587352405,0.0
1065,3195,0.14399999999999996,0.03398157710263384,0.0
1066,3198,0.14399999999999996,0.06879148265816042,0.0
1067,3201,0.14399999999999996,0.08229994330187242,0.0
1068,3204,0.14399999999999996,0.11091181689082193,0.0
1069,3207,0.14399999999999996,0.11091181689082193,0.0
1070,3210,0.14399999999999996,0.11091181689082193,0.0
1071,3213,0.14399999999999996,0.11091181689082193,0.0
1072,3216,0.14399999999999996,0.11091181689082193,0.0
1073,3219,0.14399999999999996,0.11091181689082193,0.0
1074,3222,0.14399999999999996,0.11091181689082193,0.0
1075,3225,0.14399999999999996,0.11091181689082193,0.0
1076,3228,0.14399999999999996,0.11091181689082193,0.0
1077,3231,0.14399999999999996,0.11091181689082193,0.0
1078,3234,0.14399999999999996,0.11091181689082193,0.0
1079,3237,1.3164060369014738,0.0,0.1
1080,3240,1.3622682615280153,0.0,0.01
1081,3243,1.3542874777793885,0.0,0.0
1082,3246,1.5140097815036775,0.0,0.0
1083,3249,1.5932530856609346,0.0,0.0
1084,3252,1.3289304445266723,0.0,0.0
1085,3255,1.3862996058940884,0.0,0.0
1086,3258,1.3217944446086884,0.0,0.0
1087,3261,1.3789154286861423,0.0,0.0
1088,3264,1.3101004836559293,0.0,0.0
1089,3267,1.3118438774585726,0.0,0.0
1090,3270,1.3013313435316085,0.0,0.0
1091,3273,1.3324568138122561,0.0,0.0
1092,3276,1.3435453117847445,0.0,0.0
1093,3279,1.4540426745414734,0.0,0.0
1094,3282,1.2951825932979584,0.0,0.0
1095,3285,1.5655995579242705,0.0,0.0
1096,3288,1.3835995350837709,0.0,0.0
1097,3291,1.5827584326267246,0.0,0.0
1098,3294,1.3324965268135072,0.0,0.0
1099,3297,1.402821137523651,0.0,0.0
1100,3300,1.421077399635315,0.0,0.0
1101,3303,1.5119516615867616,0.0,0.0
1102,3306,1.5119516615867616,0.0,0.0
1103,3309,1.5119516615867616,0.0,0.0
1104,3312,1.5119516615867616,0.0,0.0
1105,3315,1.5119516615867616,0.0,0.0
1106,3318,0.14399999999999996,0.08212813643630743,0.0
1107,3321,0.14399999999999996,0.08619243331714484,0.0
1108,3324,0.14399999999999996,0.06023174105428595,0.0
1109,3327,0.14399999999999996,0.047838633993231267,0.0
1110,3330,0.14399999999999996,0.035666509776371716,0.0
1111,3333,0.14399999999999996,0.02873002348838031,0.0
1112,3336,0.14399999999999996,0.017766045779425397,0.0
1113,3339,0.14399999999999996,0.05188763666487254,0.0
1114,3342,0.14399999999999996,0.033117095064064184,0.0
1115,3345,0.14399999999999996,0.06365148835616274,0.0
1116,3348,0.14399999999999996,0.0494836242571781,0.0
1117,3351,0.14399999999999996,0.07271178331391095,0.0
1118,3354,0.14399999999999996,0.08307702010748164,0.0
1119,3357,0.14399999999999996,0.1273836087135108,0.0
1120,3360,0.14399999999999996,0.1273836087135108,0.0
1121,3363,1.3058410074234008,0.0,0.1
1122,3366,1.4054280901908873,0.0,0.01
1123,3369,1.3293488099098205,0.0,0.0
1124,3372,1.2823778675794604,0.0,0.0
1125,3375,1.282360728263855,0.0,0.0
1126,3378,1.282360728263855,0.0,0.0
1127,3381,1.3158813131332399,0.0,0.0
1128,3384,1.323902176809311,0.0,0.0
1129,3387,1.4022147205352784,0.0,0.0
1130,3390,1.3339987265110014,0.0,0.0
1131,3393,1.3969231543064118,0.0,0.0
1132,3396,1.3971294981479645,0.0,0.0
1133,3399,1.3968228444099426,0.0,0.0
1134,3402,1.551601474285126,0.0,0.0
1135,3405,1.2787660122156144,0.0,0.0
1136,3408,1.2784089717864993,0.0,0.0
1137,3411,1.2784089717864993,0.0,0.0
1138,3414,1.333702002954483,0.0,0.0
1139,3417,1.3697052258968352,0.0,0.0
1140,3420,1.3081870176315307,0.0,0.0
1141,3423,1.3095512723922729,0.0,0.0
1142,3426,1.3095512723922729,0.0,0.0
1143,3429,1.329744877767563,0.0,0.0
1144,3432,1.6170809868335723,0.0,0.0
1145,3435,1.4737488010883333,0.0,0.0
1146,3438,1.45224918179512,0.0,0.0
1147,3441,1.3152489641189573,0.0,0.0
1148,3444,1.4870340514183042,0.0,0.0
1149,3447,1.4870340514183042,0.0,0.0
1150,3450,1.4870340514183042,0.0,0.0
1151,3453,1.4870340514183042,0.0,0.0
1152,3456,1.4870340514183042,0.0,0.0
1153,3459,0.14399999999999996,0.05151855838608527,0.0
1154,3462,0.14399999999999996,0.0551674210210219,0.0
1155,3465,0.14399999999999996,0.0377325260262524,0.0
1156,3468,0.14399999999999996,0.03519447528124698,0.0
1157,3471,0.14399999999999996,0.050385912586368875,0.0
1158,3474,0.14399999999999996,0.023949061099161662,0.0
1159,3477,0.14399999999999996,0.021786698682686054,0.0
1160,3480,0.14399999999999996,0.015192696830928392,0.0
1161,3483,0.14399999999999996,0.03737931819656705,0.0
1162,3486,0.14399999999999996,0.07558022758019603,0.0
1163,3489,0.14399999999999996,0.10454537467333413,0.0
1164,3492,0.14399999999999996,0.11849219383696408,0.0
1165,3495,0.14399999999999996,0.1621816631676371,0.0
1166,3498,0.14399999999999996,0.12137265700098672,0.0
1167,3501,0.14399999999999996,0.11684076744484533,0.0
1168,3504,0.14399999999999996,0.11684076744484533,0.0
1169,3507,0.14399999999999996,0.09939924679301634,0.0
1170,3510,0.14399999999999996,0.15302925763976988,0.0
1171,3513,0.14399999999999996,0.15302925763976988,0.0
1172,3516,0.14399999999999996,0.08155263080626751,0.0
1173,3519,0.14399999999999996,0.06660547753225625,0.0
1174,3522,0.14399999999999996,0.10206859381490033,0.0
1175,3525,0.14399999999999996,0.0856628479107187,0.0
1176,3528,0.14399999999999996,0.0869571038494131,0.0
1177,3531,0.14399999999999996,0.0869571038494131,0.0
1178,3534,0.14399999999999996,0.0869571038494131,0.0
1179,3537,0.14399999999999996,0.0869571038494131,0.0
1180,3540,0.14399999999999996,0.0869571038494131,0.0
1181,3543,0.14399999999999996,0.0869571038494131,0.0
1182,3546,0.14399999999999996,0.0869571038494131,0.0
1183,3549,0.14399999999999996,0.0869571038494131,0.0
1184,3552,0.14399999999999996,0.0869571038494131,0.0
1185,3555,0.14399999999999996,0.0869571038494131,0.0
1186,3558,0.14399999999999996,0.0869571038494131,0.0
1187,3561,0.14399999999999996,0.0869571038494131,0.0
1188,3564,0.14399999999999996,0.0869571038494131,0.0
1189,3567,0.14399999999999996,0.0869571038494131,0.0
1190,3570,0.14399999999999996,0.0869571038494131,0.0
1191,3573,0.14399999999999996,0.0869571038494131,0.0
1192,3576,0.14399999999999996,0.0869571038494131,0.0
1193,3579,1.3615180480957032,0.0,0.1
1194,3582,1.3552824811935427,0.0,0.0
1195,3585,1.356187707424164,0.0,0.0
1196,3588,1.356187707424164,0.0,0.0
1197,3591,1.356187707424164,0.0,0.0
1198,3594,1.356187707424164,0.0,0.0
1199,3597,1.356187707424164,0.0,0.0
1200,3600,1.2349689366817476,0.01667314984506104,0.0
1201,3603,0.14399999999999996,0.09986265202908622,0.0
1202,3606,0.14399999999999996,0.06994460614250951,0.0
1203,3609,0.14399999999999996,0.063608075314278,0.0
1204,3612,0.14399999999999996,0.04100422435493588,0.0
1205,3615,0.14399999999999996,0.0406454175426149,0.0
1206,3618,0.14399999999999996,0.03147950338850218,0.0
1207,3621,0.14399999999999996,0.04041842471201864,0.0
1208,3624,0.14399999999999996,0.03457120987937373,0.0
1209,3627,0.14399999999999996,0.05760556850244121,0.0
1210,3630,0.14399999999999996,0.06584182526084252,0.0
1211,3633,0.14399999999999996,0.0939034792315587,0.0
1212,3636,0.14399999999999996,0.0939034792315587,0.0
1213,3639,0.14399999999999996,0.1165292292103777,0.0
1214,3642,0.14399999999999996,0.11665305450446325,0.0
1215,3645,0.14399999999999996,0.11665305450446325,0.0
1216,3648,0.14399999999999996,0.11665305450446325,0.0
1217,3651,0.14399999999999996,0.10646095771362678,0.0
1218,3654,0.14399999999999996,0.10710105420634605,0.0
1219,3657,0.14399999999999996,0.10710105420634605,0.0
1220,3660,0.14399999999999996,0.10710105420634605,0.0
1221,3663,0.14399999999999996,0.10710105420634605,0.0
1222,3666,0.14399999999999996,0.10710105420634605,0.0
1223,3669,0.14399999999999996,0.10710105420634605,0.0
1224,3672,0.14399999999999996,0.10710105420634605,0.0
1225,3675,0.14399999999999996,0.10710105420634605,0.0
1226,3678,0.14399999999999996,0.10710105420634605,0.0
1227,3681,0.14399999999999996,0.10710105420634605,0.0
1228,3684,0.14399999999999996,0.10710105420634605,0.0
1229,3687,0.14399999999999996,0.10710105420634605,0.0
1230,3690,0.14399999999999996,0.10710105420634605,0.0
1231,3693,0.14399999999999996,0.10710105420634605,0.0
1232,3696,0.14399999999999996,0.10710105420634605,0.0
1233,3699,0.14399999999999996,0.10710105420634605,0.0
1234,3702,0.14399999999999996,0.10710105420634605,0.0
1235,3705,0.14399999999999996,0.10710105420634605,0.0
1236,3708,0.14399999999999996,0.10710105420634605,0.0
1237,3711,0.14399999999999996,0.10710105420634605,0.0
1238,3714,0.14399999999999996,0.10710105420634605,0.0
1239,3717,0.14399999999999996,0.10710105420634605,0.0
1240,3720,1.3698911300182344,0.0,0.1
1241,3723,1.369502686500549,0.0,0.0
1242,3726,1.3697593803405759,0.0,0.0
1243,3729,1.3589297005176544,0.0,0.0
1244,3732,1.3585733842849732,0.0,0.0
1245,3735,1.3585733842849732,0.0,0.0
1246,3738,1.3585733842849732,0.0,0.0
1247,3741,1.3585733842849732,0.0,0.0
1248,3744,0.14399999999999996,0.11278857036389797,0.0
1249,3747,0.14399999999999996,0.059769011092356016,0.0
1250,3750,0.14399999999999996,0.1012514621417673,0.0
1251,3753,0.14399999999999996,0.08294976810849942,0.0
1252,3756,0.14399999999999996,0.08466343288094551,0.0
1253,3759,0.14399999999999996,0.046201248434470356,0.0
1254,3762,0.14399999999999996,0.07653156861657276,0.0
1255,3765,0.14399999999999996,0.07252311781015496,0.0
1256,3768,0.14399999999999996,0.05175896351405705,0.0
1257,3771,0.14399999999999996,0.05610741814638367,0.0
1258,3774,0.14399999999999996,0.08613268996662231,0.0
1259,3777,0.14399999999999996,0.08378365035297063,0.0
1260,3780,0.14399999999999996,0.08420791966664123,0.0
1261,3783,0.14399999999999996,0.08420791966664123,0.0
1262,3786,0.14399999999999996,0.08420791966664123,0.0
1263,3789,0.14399999999999996,0.08420791966664123,0.0
1264,3792,0.14399999999999996,0.08420791966664123,0.0
1265,3795,0.14399999999999996,0.08420791966664123,0.0
1266,3798,0.14399999999999996,0.08420791966664123,0.0
1267,3801,0.14399999999999996,0.08420791966664123,0.0
1268,3804,0.14399999999999996,0.08420791966664123,0.0
1269,3807,0.14399999999999996,0.08402526295406072,0.0
1270,3810,1.474801786565781,0.0,0.1
1271,3813,1.2765941065549853,0.0,0.0
1272,3816,1.2776451859474185,0.0,0.0
1273,3819,1.2776451859474185,0.0,0.0
1274,3822,1.2776451859474185,0.0,0.0
1275,3825,1.2776451859474185,0.0,0.0
1276,3828,1.2776451859474185,0.0,0.0
1277,3831,1.2776451859474185,0.0,0.0
1278,3834,1.2776451859474185,0.0,0.0
1279,3837,1.2776451859474185,0.0,0.0
1280,3840,1.2776451859474185,0.0,0.0
1281,3843,1.2776451859474185,0.0,0.0
1282,3846,1.2544336995363237,0.0,0.0
1283,3849,1.2576615878820423,0.0,0.0
1284,3852,1.3061623227596282,0.0,0.0
1285,3855,1.4214134731292725,0.0,0.0
1286,3858,1.2787347810029985,0.0,0.0
1287,3861,1.3764600899219515,0.0,0.0
1288,3864,1.481254909801483,0.0,0.0
1289,3867,1.3357204871177675,0.0,0.0
1290,3870,1.2964523201465608,0.0,0.0
1291,3873,1.3396029177188873,0.0,0.0
1292,3876,1.3921423802375794,0.0,0.0
1293,3879,1.3921423802375794,0.0,0.0
1294,3882,1.3921423802375794,0.0,0.0
1295,3885,1.3921423802375794,0.0,0.0
1296,3888,1.3921423802375794,0.0,0.0
1297,3891,1.3921423802375794,0.0,0.0
1298,3894,0.14399999999999996,0.047735917439390575,0.0
1299,3897,0.14399999999999996,0.05769105487127707,0.0
1300,3900,0.14399999999999996,0.02624377540223836,0.0
1301,3903,0.14399999999999996,0.046795246463113734,0.0
1302,3906,0.14399999999999996,0.019556762736445445,0.0
1303,3909,0.14399999999999996,0.02865620887121182,0.0
1304,3912,0.14399999999999996,0.058924728518221156,0.0
1305,3915,0.14399999999999996,0.05385773727105825,0.0
1306,3918,0.14399999999999996,0.06537363037974833,0.0
1307,3921,0.14399999999999996,0.10671908246928181,0.0
1308,3924,0.14399999999999996,0.10671908246928181,0.0
1309,3927,0.14399999999999996,0.10671908246928181,0.0
1310,3930,0.14399999999999996,0.10671908246928181,0.0
1311,3933,0.14399999999999996,0.10671908246928181,0.0
1312,3936,0.14399999999999996,0.10671908246928181,0.0
1313,3939,0.14399999999999996,0.10671908246928181,0.0
1314,3942,0.14399999999999996,0.10671908246928181,0.0
1315,3945,0.14399999999999996,0.10671908246928181,0.0
1316,3948,0.14399999999999996,0.08450816187133339,0.0
1317,3951,0.14399999999999996,0.053683253123802455,0.0
1318,3954,0.14399999999999996,0.06809773594114918,0.0
1319,3957,0.14399999999999996,0.11062320784769215,0.0
1320,3960,0.14399999999999996,0.11062320784769215,0.0
1321,3963,0.14399999999999996,0.11062320784769215,0.0
1322,3966,0.14399999999999996,0.11062320784769215,0.0
1323,3969,0.14399999999999996,0.11062320784769215,0.0
1324,3972,0.14399999999999996,0.11062320784769215,0.0
1325,3975,0.14399999999999996,0.11062320784769215,0.0
1326,3978,1.285910704421997,0.0,0.1
1327,3981,1.2877456598281862,0.0,0.1
1328,3984,1.2877456598281862,0.0,0.1
1329,3987,1.2877456598281862,0.0,0.1
1330,3990,1.2877456598281862,0.0,0.1
1331,3993,1.2629039705514908,0.0,0.01
1332,3996,1.3179182903766633,0.0,0.0
1333,3999,1.307183659887314,0.0,0.0
1334,4002,1.379843037414551,0.0,0.0
1335,4005,1.3270509867668152,0.0,0.0
1336,4008,1.323654208087921,0.0,0.0
1337,4011,1.2747434042215349,0.0,0.0
1338,4014,1.3436624539375304,0.0,0.0
1339,4017,1.4353453516960144,0.0,0.0
1340,4020,1.4353453516960144,0.0,0.0
1341,4023,1.4353453516960144,0.0,0.0
1342,4026,1.4353453516960144,0.0,0.0
1343,4029,1.4353453516960144,0.0,0.0
1344,4032,0.14399999999999996,0.08352839842039325,0.0
1345,4035,0.14399999999999996,0.0839282068157295,0.0
1346,4038,0.14399999999999996,0.06199686721196933,0.0
1347,4041,0.14399999999999996,0.08206787928056386,0.0
1348,4044,0.14399999999999996,0.03888255003389226,0.0
1349,4047,0.14399999999999996,0.029166882860453713,0.0
1350,4050,0.14399999999999996,0.028070149251801478,0.0
1351,4053,0.14399999999999996,0.02595732916942921,0.0
1352,4056,0.14399999999999996,0.027521424990730736,0.0
1353,4059,0.14399999999999996,0.05235264875961787,0.0
1354,4062,0.14399999999999996,0.04613955779106395,0.0
1355,4065,0.14399999999999996,0.09370256297196843,0.0
1356,4068,0.14399999999999996,0.09370256297196843,0.0
1357,4071,0.14399999999999996,0.09370256297196843,0.0
1358,4074,0.14399999999999996,0.09370256297196843,0.0
1359,4077,0.14399999999999996,0.09370256297196843,0.0
1360,4080,0.14399999999999996,0.09370256297196843,0.0
1361,4083,0.14399999999999996,0.09370256297196843,0.0
1362,4086,0.14399999999999996,0.09370256297196843,0.0
1363,4089,0.14399999999999996,0.09370256297196843,0.0
1364,4092,0.14399999999999996,0.09370256297196843,0.0
1365,4095,0.14399999999999996,0.09370256297196843,0.0
1366,4098,0.14399999999999996,0.09370256297196843,0.0
1367,4101,0.14399999999999996,0.09370256297196843,0.0
1368,4104,0.14399999999999996,0.09370256297196843,0.0
1369,4107,0.14399999999999996,0.09370256297196843,0.0
1370,4110,0.14399999999999996,0.09370256297196843,0.0
1371,4113,0.14399999999999996,0.09370256297196843,0.0
1372,4116,0.14399999999999996,0.09370256297196843,0.0
1373,4119,0.14399999999999996,0.09370256297196843,0.0
1374,4122,0.14399999999999996,0.09370256297196843,0.0
1375,4125,0.14399999999999996,0.09370256297196843,0.0
1376,4128,0.14399999999999996,0.09370256297196843,0.0
1377,4131,1.317837744283676,0.0,0.1
1378,4134,1.3054613624095919,0.0,0.0
1379,4137,1.532435316324234,0.0,0.0
1380,4140,1.276736087679863,0.0,0.0
1381,4143,1.3063315684318542,0.0,0.0
1382,4146,1.3087331544399263,0.0,0.0
1383,4149,1.3615346910953519,0.0,0.0
1384,4152,1.3312024940013887,0.0,0.0
1385,4155,1.3332116736888886,0.0,0.0
1386,4158,1.361710371494293,0.0,0.0
1387,4161,1.3543304931163789,0.0,0.0
1388,4164,1.2998927398681643,0.0,0.0
1389,4167,1.3144401738166809,0.0,0.0
1390,4170,1.3996118001937867,0.0,0.0
1391,4173,1.3996118001937867,0.0,0.0
1392,4176,1.3996118001937867,0.0,0.0
1393,4179,1.3996118001937867,0.0,0.0
1394,4182,1.3996118001937867,0.0,0.0
1395,4185,1.2740506201744082,0.0122475804981783,0.0
1396,4188,0.14399999999999996,0.07708113841344591,0.0
1397,4191,0.14399999999999996,0.06737553056424517,0.0
1398,4194,0.14399999999999996,0.10105300178310198,0.0
1399,4197,0.14399999999999996,0.05689080946542515,0.0
1400,4200,0.14399999999999996,0.08514977258555115,0.0
1401,4203,0.14399999999999996,0.11200585760528599,0.0
1402,4206,0.14399999999999996,0.12687795910101446,0.0
1403,4209,0.14399999999999996,0.08560299818877122,0.0
1404,4212,0.14399999999999996,0.08565650692111083,0.0
1405,4215,0.14399999999999996,0.08565650692111083,0.0
1406,4218,0.14399999999999996,0.08565650692111083,0.0
1407,4221,0.14399999999999996,0.08565650692111083,0.0
1408,4224,0.14399999999999996,0.08565650692111083,0.0
1409,4227,0.14399999999999996,0.08565650692111083,0.0
